day_folder,file,label_sequence
base_260123,bird3_kB4_260123_143850.430.wav,iiiiiiiibbbbbckcdjgamff
base_260123,bird3_kB4_260123_153025.506.wav,iiiiiiibbbckcdjgmffbbckcdjgmckbbbbckcdjgamckbffffbbckcdjgamf
base_260123,bird3_kB4_260123_120547.326.wav,iiiiiiiiiiiiiiibbbbbckcdjgmfffbbbckcdjgamf
base_260123,bird3_kB4_260123_131814.354.wav,iiiiiiiiibckcdjgamffffbbckcdjgamf
base_260123,bird3_kB4_260123_161210.532.wav,iiiiiiiiiibbckcdjgamfffbbbckcdjga
base_260123,bird3_kB4_260123_133314.385.wav,iiiiiiiibbbckcdjgamff
base_260123,bird3_kB4_260123_102642.266.wav,iiiiiiiiibbbbckcdjgamfffbbckcdjgam
base_260123,bird3_kB4_260123_105757.296.wav,iiiiiiiiiibbbckcdjgam
base_260123,bird3_kB4_260123_153103.508.wav,iiiiiibbckcdjgamfffbbbbckcdjgm
base_260123,bird3_kB4_260123_170054.577.wav,iiiiiiiiiifiiiiiiibbbckcdjgamffff
base_260123,bird3_kB4_260123_103342.285.wav,iiiiiiibbbckcdjgamf
base_260123,bird3_kB4_260123_120258.324.wav,iiiiiiibbckcdjgamf
base_260123,bird3_kB4_260123_144104.439.wav,iiiiiiiiiiiibckcdjgamfffbbckcdjgamfffbbckcdjgamffffcdjgamf
base_260123,bird3_kB4_260123_095041.248.wav,iiiiiiiiibbbckcdjgamf
base_260123,bird3_kB4_260123_134926.401.wav,iiiibbbbckcdjgamffbbcdjgaffbbbcdjga
base_260123,bird3_kB4_260123_162004.562.wav,iiiibbbckcdjgamckffbbckcdjgamckbffffbbcdjgamffffbbckcdjgamf
base_260123,bird3_kB4_260123_161151.531.wav,iiiiiiibbbckcdjgmffff
base_260123,bird3_kB4_260123_153050.507.wav,iiiiiiibbbbckcdjgamfffbbbckcdjga
base_260123,bird3_kB4_260123_132047.359.wav,iiiiiiiiiibbbckcdjgamffbbbckcdjgmf
base_260123,bird3_kB4_260123_170501.578.wav,iiiiiiiiiiiibbbbckcdjgam
base_260123,bird3_kB4_260123_122326.346.wav,iiiiiibbbbbckcdjgmffff
base_260123,bird3_kB4_260123_103425.287.wav,iiiiibbbbckcdjgmfffbbckcdjgafffbbbcff
base_260123,bird3_kB4_260123_145206.478.wav,iiiiiiibbckcdjgmffbbbckcdjgmf
base_260123,bird3_kB4_260123_094719.242.wav,iiiiiiiiibbbckcdjgamfffbbbckcdjgamf
base_260123,bird3_kB4_260123_102837.271.wav,iiiiiibbbckcdjgamf
base_260123,bird3_kB4_260123_135047.403.wav,iiiiiiiibbbckcdjgamckbbbbckcdjgamckbbbbckcdjgamfffffbbbckcdjgamf
base_260123,bird3_kB4_260123_135923.423.wav,iiiiiibbckcdjgamffbbbbckcdjga
base_260123,bird3_kB4_260123_090909.227.wav,iiiiiiiibbbbckcdjgam
base_260123,bird3_kB4_260123_132834.374.wav,iiiiiiiibbckcdjgamffbbckcdjgmckbbbcdjgamf
base_260123,bird3_kB4_260123_103324.284.wav,iiiiiibbbckcdjgamffffbbckcdjgamf
base_260123,bird3_kB4_260123_170541.579.wav,iiiiiiiiiibbbbckcdjgamffffbbbckcdjgmf
base_260123,bird3_kB4_260123_145050.474.wav,iiiiibbbckcdjgamffffbbbckcdjgamf
base_260123,bird3_kB4_260123_170802.583.wav,iiiiiiiiiiibbbckcdjgamffbbbckcdjgamffffbbckcdjgamf
base_260123,bird3_kB4_260123_132347.365.wav,iiiiiibbckcdjgamfffbbbckcdjgamf
base_260123,bird3_kB4_260123_131542.349.wav,iiiiiiiiiibbbckcdjgamffffbbbckcdjgamff
base_260123,bird3_kB4_260123_170559.580.wav,iiiiiiiffbbbckcdjgamf
base_260123,bird3_kB4_260123_132152.361.wav,iiiiiibbckcdjgamffbbckcdjgmckbbbbcdjgamf
base_260123,bird3_kB4_260123_110228.300.wav,iiiiiibbckcdjgamffbbbckcdjgam
base_260123,bird3_kB4_260123_120331.325.wav,iiiiiiiibbbckcdjgmf
base_260123,bird3_kB4_260123_132218.363.wav,iiiiiiiibbbckcdjgamfff
base_260123,bird3_kB4_260123_152705.494.wav,iiiiiiibbbckcdjgamckbbbcfffffffbbckckcdjgamf
base_260123,bird3_kB4_260123_115542.305.wav,iiiiiiibbbckcdjgamf
base_260123,bird3_kB4_260123_162304.573.wav,iiiiibbckcdjgamfffffbbckcdjgamf
base_260123,bird3_kB4_260123_132207.362.wav,iiiiiibbckcdjgamfffbbckcdjgamffffbbbckcdjgmf
base_260123,bird3_kB4_260123_170736.582.wav,iiiiiiiiiibbbckcdjgam
base_260123,bird3_kB4_260123_120243.323.wav,iiiiiiiiiiiibbbbckcdjgamfffbbckcdjgamf
base_260123,bird3_kB4_260123_145026.473.wav,iiiiiibbbckcdjgamckbbbbckcdjgamckbbbbbcdjgamckbffcffffbbckcdjgam
base_260123,bird3_kB4_260123_161926.560.wav,iiiiiiibbbckcdjgmckcdjgmckff
base_260123,bird3_kB4_260123_144205.442.wav,iiiiiiiiibbbckcdjgmckbffbbckcdjgam
base_260123,bird3_kB4_260123_103314.283.wav,iiiiiiibbbckcdjgamff
base_260123,bird3_kB4_260123_102822.270.wav,iiiiibbckcdjgamffffbbbckcdjgamf
base_260123,bird3_kB4_260123_132330.364.wav,iiiiiibbbbckcdjgamfffbbbckcdjgmckbbbbckcdjgamfff
base_260123,bird3_kB4_260123_133223.384.wav,iiiiiiibbbbckcdjgamfffbbckcdjgamff
base_260123,bird3_kB4_260123_162249.572.wav,iiiiiibbbbckcdjgamffbbbbbckcdjgamf
base_260123,bird3_kB4_260123_133419.387.wav,iiiiiibbbbckcdjgamff
base_260123,bird3_kB4_260123_131520.348.wav,iiiiiiiiiiibbbbbckcdjgamffbbckcdjgamckbbbbbckcdjgamf
base_260123,bird3_kB4_260123_162142.569.wav,iiiiibbbckcdjgamff
base_260123,bird3_kB4_260123_152637.493.wav,iiiiiiiiibbbbbckcdjgamfffffbbckcdjgamff
base_260123,bird3_kB4_260123_133107.382.wav,iiiiibbbckcdjgamfffbbckcdjgamf
base_260123,bird3_kB4_260123_132423.368.wav,iiiiiiibbbckcdjgamfffbbckcdjgamf
base_260123,bird3_kB4_260123_133046.380.wav,iiiiiiiiiibbckcdjgamfffbbcdjgamffbbbckcdjgam
base_260123,bird3_kB4_260123_153155.510.wav,iiiiiiibbbbckcdjgamffffbbbckcdjgmf
base_260123,bird3_kB4_260123_161557.544.wav,iiiiiiiifbbbckcdjgamffffbbbckcdjgamf
base_260123,bird3_kB4_260123_171356.590.wav,iiiiffbbbbbckcdjgamckbbbckcdjgamfffbbckcdjgamcfffbbckcdjgmf
base_260123,bird3_kB4_260123_131727.352.wav,iiiiiiiiiiiibbbckcdjgamffbbbckcdjgamckbbbffcdjgamffffbbbckcdjgmf
base_260123,bird3_kB4_260123_133349.386.wav,iiiiiiiibbbbckcdjgamckbffffffffbbbbffcdjgam
base_260123,bird3_kB4_260123_115957.314.wav,iiiiiibbbbckcdjgamfffbbcdjgamf
base_260123,bird3_kB4_260123_161345.538.wav,iiiiibbckcdjgamffffbbckcdjgmf
base_260123,bird3_kB4_260123_105413.290.wav,iiiiiiiiiibbbckcdjgamfffbbckcdjgmf
base_260123,bird3_kB4_260123_110409.301.wav,iiiiiiiiiibbbckcdjgamfffbbcdjgamckbckcdjgam
base_260123,bird3_kB4_260123_120642.327.wav,iiiiiiiiiiiiibbbbckcdjgamfffbbckcdjgamf
base_260123,bird3_kB4_260123_131846.355.wav,iiiiiiibbckcdjgamffffbbbbckcdjgamf
base_260123,bird3_kB4_260123_135908.422.wav,iiiiibbbckcdjgamffbbbbbckcdjgamf
base_260123,bird3_kB4_260123_095305.251.wav,iiiiiiiiiiiiiiiifffbbbckcdjgamffbbbckcdjgamf
base_260123,bird3_kB4_260123_095029.247.wav,iiiiiiiiiiibckcdjgamf
base_260123,bird3_kB4_260123_103407.286.wav,iiiiiiiiibbbckcdjgamfffbbckcdjgmf
base_260123,bird3_kB4_260123_121115.330.wav,iiiiiiibbbbbckcdjgmfffbbbckcdjgamf
base_260123,bird3_kB4_260123_091246.233.wav,iiiiiiibbckcdjgamfffbbbcdjgamf
base_260123,bird3_kB4_260123_171418.591.wav,iiiiiibbbbckcdjgmfbbbbckcdjgam
base_260123,bird3_kB4_260123_115435.302.wav,iiiiiiiiiiibbbbckcdjgamffffbbckcdjgamckbfffbbbckcdjgmffffbbckcdjgmff
base_260123,bird3_kB4_260123_162155.570.wav,iiiiiiibbbbckcdjgamckbfffffbbbcdjgamf
base_260123,bird3_kB4_260123_094959.246.wav,iiiiiiiibbbckcdjgamffffbbckcdjgamckbbcdjgmffffbbckcdjgmff
base_260123,bird3_kB4_260123_122252.345.wav,iiiiiiibbbbckcdjgamfffbbbckcdjgmf
base_260123,bird3_kB4_260123_162731.574.wav,iiiiiiiiiiibbbbffffbbbckcdjgamckbbbbbckcdjgamf
base_260123,bird3_kB4_260123_115918.312.wav,iiiiiiiibbbckcdjgmfffcdjgamfffbbbckcdjgmf
base_260123,bird3_kB4_260123_144824.465.wav,iiiiiiibbbckcdjgamffbbckcdjgam
base_260123,bird3_kB4_260123_122237.344.wav,iiiiiiibbbbckcdjgamfffbbckcdjgamf
base_260123,bird3_kB4_260123_144445.453.wav,iiiiiibbbckcdjgamfff
base_260123,bird3_kB4_260123_161942.561.wav,iiiiibbbckcdjgamffbbcdjgamckbfffbbbckcdjgmff
base_260123,bird3_kB4_260123_090852.226.wav,iiiiiiifffbbckcdjgamcfffbbbckcffffbbcdjgam
base_260123,bird3_kB4_260123_103233.280.wav,iiiiiiiibbbckcdjgamfffbbckcdjgamf
base_260123,bird3_kB4_260123_143729.427.wav,iiiiiiiiiiiibbbbckcdjgamffbbbckbbckcdjgamff
base_260123,bird3_kB4_260123_103248.282.wav,iiiiiibbbckcdjgamfffbbckcdjgam
base_260123,bird3_kB4_260123_121144.332.wav,iiiiibbbfiiiibfffffbbckcdjgamf
base_260123,bird3_kB4_260123_102741.268.wav,iiiiiibbckcdjgamff
base_260123,bird3_kB4_260123_115529.304.wav,iiiiiibbbckcdjgamff
base_260123,bird3_kB4_260123_102954.274.wav,iiiiiiiibbckcdjgamfffbbckcdjgamf
base_260123,bird3_kB4_260123_120841.328.wav,iiiiiiiiiiibbbckcdjgamfffcdjgamckbbbbckcdjgamf
base_260123,bird3_kB4_260123_120049.316.wav,iiiiiiibbckcdjgmffffffbbckcdjgmf
base_260123,bird3_kB4_260123_161319.537.wav,iiiiibbckcdjgamffffbbckcdjgmf
base_260123,bird3_kB4_260123_120105.317.wav,iiiiiibbbckcdjgamffffbbbckcdjgamf
base_260123,bird3_kB4_260123_170618.581.wav,iiiiiiibbbicffffbbckcdjgmf
base_260123,bird3_kB4_260123_122043.341.wav,iiiiiiiiiibbbbckcdjgmfffbbcfffffffffbbbckcdjgam
base_260123,bird3_kB4_260123_161530.543.wav,iiiiibbbckcdjgamckbffbbckcdjgmckbbbbbckcdjgamf
base_260123,bird3_kB4_260123_170852.584.wav,iiiiiiiiibbbckcdjgamckbfffbbbbckcdjgamfffbbbbckcdjgmf
base_260123,bird3_kB4_260123_152741.495.wav,iiiiiiibbbbckcdjgamffffff
base_260123,bird3_kB4_260123_152612.490.wav,iiiiibbbckcdjgamff
base_260123,bird3_kB4_260123_153122.509.wav,iiiiiiibbbbckcdjgamffffbbbbckcdjgamfffffbbbbbckcdjgmf
base_260123,bird3_kB4_260123_162131.568.wav,iiiiiiibbbbckcdjgamckbfffbbckcdjgamf
base_260123,bird3_kB4_260123_110209.299.wav,iiiiiiibbckbbbbckcdjgamffff
base_260123,bird3_kB4_260123_134957.402.wav,iiiiifffbbbbckcdjgamff
base_260123,bird3_kB4_260123_091336.236.wav,iiiiiiiiiibbckcdjgamf
base_260123,bird3_kB4_260123_094740.243.wav,iiiiiiibbbckcdjgamf
base_260123,bird3_kB4_260123_102330.258.wav,iiiiiiiibbbckcdjgamfffffbbbckcdjgamf
base_260123,bird3_kB4_260123_102759.269.wav,iiiiiibbbckcdjgamfffbbckcdjgamffbbckcdjgm
base_260123,bird3_kB4_260123_105215.289.wav,iiiiiiiiiiiiiiiiiibbckcdjgmfffffbbbckcdjgamf
base_260123,bird3_kB4_260123_115508.303.wav,iiiiiiiiibbbckcdjgmfffbbckcdjgamf
base_260123,bird3_kB4_260123_144411.451.wav,iiiiiiiibbbckcdjgamffbbckcdjgamf
base_260123,bird3_kB4_260123_133455.389.wav,iiiiiiiibbbckcdjgamffbbbbckcdjgamffffbbckcdjgamf
base_260123,bird3_kB4_260123_120008.315.wav,iiiiiibbbckcdjgamfffbbckcdjgmfffffcdjgam
base_260123,bird3_kB4_260123_145106.475.wav,iiiibbbckcdjgamfffbbckcdjgamf
base_260123,bird3_kB4_260123_090936.229.wav,iiiiiiiiiibbckcdjgaf
base_260123,bird3_kB4_260123_145144.477.wav,iiiiiibbbckcdjgmckbffbbcdjgamf
base_260123,bird3_kB4_260123_162111.567.wav,iiiiiibbbckcdjgamffffbbbcdjgamckbfffffcdjgamf
base_260123,bird3_kB4_260123_140011.425.wav,iiiiiibbbckcdjgamf
base_260123,bird3_kB4_260123_135850.421.wav,iiiiibbbcffffbbckcdjgamffbbbbbckcdjgamfffcdjgamf
base_260123,bird3_kB4_260123_095105.249.wav,iiiiiiibbbckcdjgamf
base_260123,bird3_kB4_260123_132947.376.wav,iiiiiiiibbckcdjgamffbbcdjgamckbbbckcdjgamf
base_260123,bird3_kB4_260123_120127.319.wav,iiiiiiibbbbckcdjgamf
base_260123,bird3_kB4_260123_145125.476.wav,iiiiiiibbbbckcdjgamckbbckcdjgmf
base_260123,bird3_kB4_260123_091256.234.wav,iiiiiibbbckcdjgmfffbbbcdjgmfckcf
base_260123,bird3_kB4_260123_090244.222.wav,iiiiiiiibbbckcdjgm
base_260123,bird3_kB4_260123_162224.571.wav,iiiiiiibbbbbckcdjgamfffbbbckcdjgamf
base_260123,bird3_kB4_260123_170037.576.wav,iiiiiiiiiiiiiiiiiifbbbbbfbbckcffffbbckcdjgamfffbbbckcffff
base_260123,bird3_kB4_260123_161431.539.wav,iiiiiiibbbckcdjgamfff
base_260123,bird3_kB4_260123_135953.424.wav,iiiiiiiiiiiibbbckcdjgamf
base_260123,bird3_kB4_260123_103009.275.wav,iiiibbbckcdjgamff
base_260123,bird3_kB4_260123_135836.420.wav,iiiiiiiiibbbbbckcdff
base_260123,bird3_kB4_260123_145255.479.wav,iiiiiiiiibbckcdjgamffffffbbckcdfff
base_260123,bird3_kB4_260123_162102.566.wav,iiiiiibbbckcdjgamffff
base_260123,bird3_kB4_260123_161301.536.wav,iiiiiiibckcdjgamckbffbbcdjgamckbbbbckcdjgamffbbckf
base_260123,bird3_kB4_260123_162026.564.wav,iiiiiibbckcdjgamfffffbbckcdjgamf
base_260123,bird3_kB4_260123_131757.353.wav,iiiiiiiiibbckcdjgamfffbbbckcdjgamfffbbbbckcdjgamf
base_260123,bird3_kB4_260123_103538.288.wav,iiiiiiiiiiiiiibbckcdjgmff
base_260123,bird3_kB4_260123_115939.313.wav,iiiiibbckcdjgamffffbbckcdjgamfffbbckcdjgmf
base_260123,bird3_kB4_260123_090325.223.wav,iiiiiiiiiibbbbckcdjgm
base_260123,bird3_kB4_260123_102719.267.wav,iiiiiiiiiiibbbckcdjgmfffbbckcdjgaf
base_260123,bird3_kB4_260123_162040.565.wav,iiiibbckcdjgamfffbbbbckcdjgamffckcdjgamckbffffffbbckcdjgamffffbbcdjg
base_260123,bird3_kB4_260123_095129.250.wav,iiiiiiiiibbbckcdjgamf
base_260123,bird3_kB4_260123_094650.241.wav,iiiiiiiiiiiiifffffbbbbckcdjgam
base_260123,bird3_kB4_260123_132403.367.wav,iiiiiiibbckcdjgamffffbbbckcdjgamf
base_260124,bird3_kB4_260124_150758.591.wav,iiiiiibbbckcdjgamffffbbckcdjgam
base_260123,bird3_kB4_260123_122450.347.wav,iiiiiiiiiiiiibbbckcdjgmfff
base_260123,bird3_kB4_260123_152552.489.wav,iiiiiiiibbbckcdjgamckbffbbbckcdjgmckbbbckcdjga
base_260123,bird3_kB4_260123_091306.235.wav,iiiiibbckcdjgam
base_260124,bird3_kB4_260124_111821.356.wav,iiiiiiiiiiiiiiiiiibbbckcdjgamf
base_260124,bird3_kB4_260124_135833.491.wav,iiiibbbbckcdjgamfffcdffbbcdjgmfffbif
base_260124,bird3_kB4_260124_165623.687.wav,iiiiibbbckcdjgmfffbbckcdjgamffffcdjgamf
base_260124,bird3_kB4_260124_161218.655.wav,iiiiiiibbbckcdjgamfffbfffffibbbckcdjga
base_260124,bird3_kB4_260124_130507.469.wav,iiiiiiibbbckcdjgmfffbbbcdjgmf
base_260124,bird3_kB4_260124_155039.604.wav,iiiiiiiibbbckcdjgamckbbbbckcdjgamckbfffckcdjgm
base_260124,bird3_kB4_260124_171040.722.wav,iiiiiibbbbckcdjgmffbbbckcdf
base_260124,bird3_kB4_260124_135453.482.wav,iiiiiiiibbbckcdjgmffbbckcdjgmckbbbfff
base_260124,bird3_kB4_260124_155443.613.wav,iiiiiibbbbbckcdjgamfffbbckcdjgamckbbbbbcfffffcdjgamfffbbcdjgamf
base_260124,bird3_kB4_260124_140655.510.wav,iiiiiiibbbckcdjgmf
base_260124,bird3_kB4_260124_120844.393.wav,iiiiiiiiibbckcdjgamfffbbbckcdjgmf
base_260124,bird3_kB4_260124_111358.346.wav,iiiiiiiibbbckcdjgamffffcdjgamckbbbcdjgamckbbffcdjgmfffffbbbcdjg
base_260124,bird3_kB4_260124_150840.593.wav,iiiiiiibbbckcdjgamffffcdjgamf
base_260124,bird3_kB4_260124_171755.739.wav,iiiiiibbbckcdjgmckffbbcdjgmckbbbbbcdjgmckcdjgmfffcdjgmf
base_260124,bird3_kB4_260124_125426.433.wav,iiiiiiiibbbckcdjgmffbbbckcdjgmf
base_260124,bird3_kB4_260124_171059.723.wav,iiiiiiibbbbckcdjgmffbbbcdjgmfffbbbbckcdjgmf
base_260124,bird3_kB4_260124_150722.589.wav,iiiiibbbckcdjgamfffbbckcdjgamf
base_260124,bird3_kB4_260124_161048.650.wav,iiiiibbbbckcdjgamfffffcdjgamf
base_260124,bird3_kB4_260124_111454.350.wav,iiiiiibbbckcdjgamffffbbbckcdjgamf
base_260124,bird3_kB4_260124_115404.364.wav,iiiiiiibbckcdjgamfffbbckcdjgmckcdjgamf
base_260124,bird3_kB4_260124_124538.414.wav,iiiiiiibbbckcdjgamfffbbckcdjgamckbbbckcdjgmf
base_260124,bird3_kB4_260124_130131.459.wav,iiiiiiibbbckcdjgmckbbckcdjgamf
base_260124,bird3_kB4_260124_145508.558.wav,iiiiibbbckcdjgamfff
base_260124,bird3_kB4_260124_141816.526.wav,iiiiibbckcdjgamfffbbbbckcdjgamf
base_260124,bird3_kB4_260124_160429.629.wav,iiiiiiiibbbbckcdjgamf
base_260124,bird3_kB4_260124_160243.625.wav,iiiifiiiiiiiibbbbckcdjgamfffffbbbckcdjgamfffcdjgamf
base_260124,bird3_kB4_260124_165652.688.wav,iiiiibbbckcdjgamffffffbbckcdjgmckbbbbbbckcdjgamf
base_260124,bird3_kB4_260124_134847.473.wav,iiiiiiiiiiifbbbbckcdjgmfffbbckcdjgmf
base_260124,bird3_kB4_260124_171819.741.wav,iiiiibbbckcdjgamfffckcdjgmfffbbbbcdjgaf
base_260124,bird3_kB4_260124_135927.495.wav,iiiiibbbbckcdjgmfckcdjgmffbbbbckcdjgmf
base_260124,bird3_kB4_260124_135010.475.wav,iiiiiiiiibbbbbbckcdjgamckbbbbbckcdjgmf
base_260124,bird3_kB4_260124_115449.366.wav,iiiiiibbbckcdjgamfffbbckcdjgamf
base_260124,bird3_kB4_260124_123933.402.wav,iiiiiibbbckcdjgamckbfffbbcdjgamckbbckcdjgamff
base_260124,bird3_kB4_260124_155054.605.wav,iiiibbckcdjgamfffbbckcdjgamckbffffcdjgamf
base_260124,bird3_kB4_260124_120650.391.wav,iiiiiiiibbckcdjgamfffbbbckcdjgamfiiiibbckcdjgamffffbbbckcdjgmf
base_260124,bird3_kB4_260124_125031.425.wav,iiiiiiiiffffbbbbckcdjgaffiiiibbckcdjgmffffbbckcdjgmf
base_260124,bird3_kB4_260124_124633.417.wav,iiiiibbbbckcdjgmffbbckcdjgamf
base_260124,bird3_kB4_260124_155949.622.wav,iiiiiiibbbbckcdjgamfffbbckcdjgmckbfffcdjgmf
base_260124,bird3_kB4_260124_125441.434.wav,iiiiiiibbbckcdjgmfffbbckcdjgmf
base_260124,bird3_kB4_260124_160336.627.wav,iiiiiibbbckcdjgmfffbbcdjgmckbbbbbckcdjgmf
base_260124,bird3_kB4_260124_113814.357.wav,iiiiiiiiiibbbbckcdjgamfffbbbckcdjgamfffffbbckbbcdjgamf
base_260124,bird3_kB4_260124_115330.362.wav,iiiiiiiiiiiiiiibbbckbbbbckcdjgamfff
base_260124,bird3_kB4_260124_155104.606.wav,iiiiibbbckcdjgmffbbbckcdjgamckbffffbbckcdjgamf
base_260124,bird3_kB4_260124_155225.610.wav,iiiiiibbbckcdjgmffffbbbbbckcdjgmckcdjgamffffffbbckcdjgmf
base_260124,bird3_kB4_260124_161125.653.wav,iiiibbbbckcdjgamffbbbbffcdjgm
base_260124,bird3_kB4_260124_145446.556.wav,iiiiiiiibbckcdjgmffbbckbffcdjgmf
base_260124,bird3_kB4_260124_165118.672.wav,iiiiiiiibbbbckcdjgamckbfffbbckcdjgamckbbbckcfff
base_260124,bird3_kB4_260124_130544.470.wav,iiiiiiibbbckcdjgmffffbbbbbckcdjgmffffbbcdjgmf
base_260124,bird3_kB4_260124_124655.418.wav,iiiiiiiibbbbckcdjgamfffbbckcdjgamf
base_260124,bird3_kB4_260124_161145.654.wav,iiiiiibbbckcdjgamfffbbbbckcdjgmckbfffcdjgamf
base_260124,bird3_kB4_260124_172949.788.wav,iiiiiibbbckcdjgamckbffcdjgamfffbbckcdjgmf
base_260124,bird3_kB4_260124_165141.673.wav,iiiibbbbckcdjgamfffbbckcdjgmckbffffffbbbckcdjgmf
base_260124,bird3_kB4_260124_165158.674.wav,iiiiiiibbbbckcdjgmfffbbckcdjgmfffcdjgmf
base_260124,bird3_kB4_260124_141757.525.wav,iiiiiibbbckcdjgamckbbckcdjgamckbbbbckcdjgmckcdjgamf
base_260124,bird3_kB4_260124_161115.652.wav,iiibbbbckcdjgamff
base_260124,bird3_kB4_260124_155907.620.wav,iiiiiiibbbckcdjgamfffff
base_260124,bird3_kB4_260124_130155.460.wav,iiiibbbbckcdjgamf
base_260124,bird3_kB4_260124_171118.724.wav,iiiiiiibbckcdjgmfffffbbbbckcdjgamfffbbbbckcdjgmf
base_260124,bird3_kB4_260124_120901.394.wav,iiiiiibbckcdjgmffffbbcdjgmckbffcdjgmf
base_260124,bird3_kB4_260124_165052.670.wav,iiiiibbbckcdjgamffbbcdjgmckbf
base_260124,bird3_kB4_260124_124844.421.wav,iiiiiiifiiiiibbbckcdjgmffbbbckcdjgamckbfffbbcdjgamf
base_260124,bird3_kB4_260124_130351.465.wav,iiiiiiiibbbckcdjgmckbfffbbckcdjgmf
base_260124,bird3_kB4_260124_111431.348.wav,iiiiiibbckcdjgmff
base_260124,bird3_kB4_260124_130416.466.wav,iiiiiiiibbckcdjgamffffbbbckcdjgmckbbbbbckcdjgmf
base_260124,bird3_kB4_260124_170403.694.wav,iiiiibbbbckcdjgamfffbbckcdjgmckbbbckcdjgmffffbbckcdjgmf
base_260124,bird3_kB4_260124_135901.493.wav,iiiiiibbbckcdjgmfffbbcdjgmckbffffbbckcdjg
base_260124,bird3_kB4_260124_120448.385.wav,iiiiiiibbbckcdjgmffbbcdjgmckbbbbckcdjgmf
base_260124,bird3_kB4_260124_171924.744.wav,iiiiiiibbbbckcdjgmf
base_260124,bird3_kB4_260124_155124.607.wav,iiiiibbbbbckcdjgamfffbbckcdjgamf
base_260124,bird3_kB4_260124_113841.358.wav,iiiiiiiiibbckcdjgamf
base_260124,bird3_kB4_260124_125215.427.wav,iiiiiiiibbbckcdjgamffbbcdjgmckbbbckcdjgmff
base_260124,bird3_kB4_260124_155828.618.wav,iiiffiibbbbbbckcdjgmckbbbfffbbcdjgmckbbffcdjgamfffffibbcdjgmf
base_260124,bird3_kB4_260124_155528.615.wav,iiiiiiiiifffffibbbckcdjgamckbbbcdjgamckbffffcdjgmf
base_260124,bird3_kB4_260124_130634.471.wav,iiiiiiiiiiibbbckcdjgmffffbbckcdjgmf
base_260124,bird3_kB4_260124_171905.743.wav,iiiiiibbbbckcdjgmffffbbbckcdjgmffffbbckcdjgmckbbbcdjgmffffcdjgamf
base_260124,bird3_kB4_260124_123948.403.wav,iiiibbbbckcdjgamfffbbbckcdjgamf
base_260124,bird3_kB4_260124_115655.370.wav,iiiiifiiiiiibckcdjgmffffffbbbbfffcdjgamf
base_260124,bird3_kB4_260124_150820.592.wav,iiiiiiibbbckcdjgmf
base_260124,bird3_kB4_260124_150643.587.wav,iiiiibbckcdjf
base_260124,bird3_kB4_260124_135958.497.wav,iiiiibbbckcdjgamfffbbbckcdjgamf
base_260124,bird3_kB4_260124_115909.377.wav,iiiibbbckcdjgamffbbbckcdjgamf
base_260124,bird3_kB4_260124_124501.411.wav,iiiibbbbckcdjgmckcdjgmfffbbbckcdjgmf
base_260124,bird3_kB4_260124_135519.483.wav,iiiiibbbckcdjgmfffbbckcdjgmffbbckcdjgmf
base_260124,bird3_kB4_260124_172348.766.wav,iiiiiiiiibbbbbckcdjgamckbbbbbcdjgmckbbbbbckcdjgamffffckcdjgamff
base_260124,bird3_kB4_260124_124749.420.wav,iiiiiiiiiibbbckcdjgamckbfffbbckcdjgamf
base_260124,bird3_kB4_260124_155851.619.wav,iiiiiibbbbckcdjgmfffbbckcdjgmckbbbbcdjgmckbffffbbcdjgamf
base_260124,bird3_kB4_260124_173309.800.wav,iiiiiiibbbckcdjgmckbfffbbckcdjgmckcdjgmf
base_260124,bird3_kB4_260124_150739.590.wav,iiiiiiibbbckcdjgamffffbbckcdjgamf
base_260124,bird3_kB4_260124_124903.422.wav,iiiiiiibbbckcdjgamfffbbckcdjgmf
base_260124,bird3_kB4_260124_155151.609.wav,iiiiibbbbckcdjgmfffbbckcdjgmfffffbbckcdjgmf
base_260124,bird3_kB4_260124_123737.399.wav,iiiifiiibbbbckcdjgamffbbckffffcdjgmf
base_260124,bird3_kB4_260124_171301.727.wav,iiiiiiiibbbckcdjgamffckbbckcdjgamf
base_260124,bird3_kB4_260124_155918.621.wav,iiiiiibbbckcdjgamffffbbcdjgmf
base_260124,bird3_kB4_260124_123700.398.wav,iiiiiiiiiibbbbckcdjgmffffff
base_260124,bird3_kB4_260124_130204.461.wav,iiiiiiiiibbckcdjgamffbbbckcdjgamf
base_260124,bird3_kB4_260124_111634.354.wav,iiiiiibbbbckcdjgamf
base_260124,bird3_kB4_260124_170303.692.wav,iiiiiiiibbbckcdjgmffbbbckbbckcdjgamckbbbbckcdjgamfffbbcdjgamckcff
base_260124,bird3_kB4_260124_111655.355.wav,iiiiiiibbbbckcdjgamfffffbbckcdjgamf
base_260124,bird3_kB4_260124_141845.527.wav,iiiiiiibbbckcdjgamffbbbbckcdjgam
base_260124,bird3_kB4_260124_130440.468.wav,iiiiiiibbckcdjgamffffbbckcdjgmckbbbbbckcdjgm
base_260124,bird3_kB4_260124_165608.686.wav,iiiiibbbckcdjgamffffbbckcdjgmf
base_260124,bird3_kB4_260124_115956.380.wav,iiiiiiiifbbbckcdjgaf
base_260124,bird3_kB4_260124_134429.472.wav,iiiiiiiiiiiiiiiiiiiibbbbckcdjgamff
base_260124,bird3_kB4_260124_130331.464.wav,iiiiiiibbbckcdjgmf
base_260124,bird3_kB4_260124_120337.382.wav,iiiiiiiiibbbbckcdjgamfffbbcfffcdjgamf
base_260124,bird3_kB4_260124_113918.359.wav,iiiiiiiiiiibbbbckcdjgamfffbbbckcdjgamf
base_260124,bird3_kB4_260124_141933.529.wav,iiiiiiibbckcdjgmfffffiiiibbckcdjgamf
base_260124,bird3_kB4_260124_161027.649.wav,iiiiiiibbbbckcdjgamckbbbbcdjgmckbbbbbckcdjgamffffbbcdjgmf
base_260124,bird3_kB4_260124_172856.783.wav,iiiiiiiibbbckcdjgam
base_260124,bird3_kB4_260124_170957.718.wav,iiiiiiibbbckcdjgamffffbbcfffffffbbckcdjgmff
base_260124,bird3_kB4_260124_165550.685.wav,iiiibbbckcdjgamfffbbckcdjgamckbbfffcdjgmf
base_260124,bird3_kB4_260124_135540.484.wav,iiiiiibbckcdjgmffbbbbckcdjgii
base_260124,bird3_kB4_260124_135815.490.wav,iiiiiiiibbbckcdjgmfffbbbckcdjgmckbbbbcdjgmffffbbbckcdjgmff
base_260124,bird3_kB4_260124_135947.496.wav,iiiiibbbcdjgmfffffbbckcdjgmf
base_260124,bird3_kB4_260124_121034.396.wav,iiiiiiiibbbbbckcdjgmckbfffiiiibbckcdjgamf
base_260124,bird3_kB4_260124_172531.768.wav,iiiiiiiibbbbckcdjgamffbbcdjgamckbbckcdjgmffff
base_260124,bird3_kB4_260124_111445.349.wav,iiiiibbbckcdjgaffffbbckcdjgamf
base_260124,bird3_kB4_260124_173218.799.wav,iiiiibbbbbckcdjgamffbbckcdjgmckbbbbckcdjgmckbffffbbckcdjgmf
base_260124,bird3_kB4_260124_172141.756.wav,iiiiiibbbbckcdjgmfff
base_260124,bird3_kB4_260124_110945.338.wav,iiiiiibbckcdjgmffff
base_260124,bird3_kB4_260124_115857.376.wav,iiiiiiiibbbckcdjgmffbbckcdjgmckbbbbckcdjgmf
base_260124,bird3_kB4_260124_113951.360.wav,iiiiiiiiiiiiibbckcdjgam
base_260124,bird3_kB4_260124_150659.588.wav,iiiibbbbckcdjgamffffbbbckcdjgamfffffbbckcdjgm
base_260124,bird3_kB4_260124_160447.630.wav,iiifiiiiibbbbckcdjgamfffffffbbbbckcdjgamckbffffcdjgamf
base_260124,bird3_kB4_260124_145553.560.wav,fiiiiiiiiibfbbbckcdjgmf
base_260124,bird3_kB4_260124_130303.463.wav,iiiiiibbbckcdjgmffffbbbckcdjgmf
base_260124,bird3_kB4_260124_171212.725.wav,iiiiiiiiiiibbbbckcdjgmf
base_260124,bird3_kB4_260124_172408.767.wav,iiiiibbbckcdjgmffbbckcdjgamf
base_260124,bird3_kB4_260124_155625.616.wav,iiiiiiiibbbckcdjgamfffbbckcdjgamckbbbbckcdjgamfffcdjgmf
base_260124,bird3_kB4_260124_171440.729.wav,iiiiiiiiibbbbckcdjgmckbbbbckcdjg
base_260124,bird3_kB4_260124_111619.353.wav,iiiiiiibbbbckcdjgamfffffbbckcdjgamf
base_260124,bird3_kB4_260124_115755.374.wav,iiiiiiiifiiiiiiibbbckcffff
base_260124,bird3_kB4_260124_155351.612.wav,iiiiiibbbckcdjgamffffbbbckcdjgamf
base_260124,bird3_kB4_260124_155327.611.wav,iiiiiiiibbbbckcdjgamffffbbckbbbbckcdjgmckbbbcfffffffbbcdjgmfffbbckcdjgamf
base_260124,bird3_kB4_260124_171249.726.wav,iiiiiibbbckcdjgmfffbbbcdjgmckcdjgmff
base_260124,bird3_kB4_260124_110931.336.wav,iiiiibbbbckcdjgmffbbbbckcdjgamckbfffbbcdjgamf
base_260124,bird3_kB4_260124_115430.365.wav,iiiiiiiiiiibbbbckcdjgamffffbbckcdjgamckbffffcdjgamf
base_260124,bird3_kB4_260124_161106.651.wav,iiiiiiibbckcdjgmff
base_260124,bird3_kB4_260124_160047.623.wav,iiiiiiiiibbbckcdjgmfffbbbckcdjgamfffbbbckcdjgamf
base_260124,bird3_kB4_260124_160313.626.wav,iiiiiiibbbckcdjgmckbfffbbbckcdjgmckbbbbckcdjgmffbbcffffffbbbckcdjgmffffbbcdjgmf
base_260124,bird3_kB4_260124_165522.684.wav,iiiiiibbbbckcdjgamfbbckcffiiiiibbbckcdjgamffbbbcdjgamf
base_260124,bird3_kB4_260124_170716.706.wav,iiiiiiibbbbckcdjgamckbbbbcdjgamckcdjgmfffbbbckcdjgamf
base_260124,bird3_kB4_260124_124555.415.wav,iiiiibbbbckcdjgmckbffcdjgamf
base_260124,bird3_kB4_260124_120757.392.wav,iiiiiiiifiiiiiibbbckcdjgm
base_260124,bird3_kB4_260124_111416.347.wav,iiiiibbbckcdjgamfffffffbbcdjgamckcdjga
base_260124,bird3_kB4_260124_170943.717.wav,iiiiiibbbckcdjgamffbbbckcdjgamfffbbcdjgmf
base_260124,bird3_kB4_260124_160411.628.wav,iiiiiiiibbbbckcdjgmckbfffbbckcdjgamcffbbbbcffcdjgmf
base_260124,bird3_kB4_260124_160538.631.wav,iiiiiiiiibbbckcdjgmfffbbbbckcdjgamckbfffffcdjgamf
base_260124,bird3_kB4_260124_150947.594.wav,iiiiiiiiiiiiiiiibbckcdjgamf
base_260124,bird3_kB4_260124_171813.740.wav,iiiiiiibbbckcdjgamfff
base_260124,bird3_kB4_260124_145928.570.wav,iiiiiiiibbfbbckcdjgmfffbbcdjgmckbbbckcdjg
base_260124,bird3_kB4_260124_144822.530.wav,iiiiiiiiiibbbbckcdjgamckbbbbcdjg
base_260124,bird3_kB4_260124_155649.617.wav,iiiiiiiibbbbbckcdjgamfffffcdjgickbffffffffbbckcdjgmf
base_260124,bird3_kB4_260124_155502.614.wav,iiiiiiibbbckcdjgamfffbbckcdjgmf
base_260124,bird3_kB4_260124_165755.690.wav,iiiiiiiiibbbckcdjgamffbbckcdjgamf
base_260124,bird3_kB4_260124_130253.462.wav,iiiiiiiiibbbckcdjgamfffbbbbckcdjgamf
base_260124,bird3_kB4_260124_160135.624.wav,iiiiiiibbckcdjgamffbbbbckcdjgamffbbbcf
base_260124,bird3_kB4_260124_114116.361.wav,iiiiiiiiibbfffbbckcdjgamfffbbbbckcdjgamf
base_260124,bird3_kB4_260124_121004.395.wav,iiiiiiiibbckcdjgamckbbbckcdjgamf
base_260124,bird3_kB4_260124_173135.794.wav,iiiiiibbbfiiif
base_260124,bird3_kB4_260124_111521.351.wav,iiiiiiibbckcdjgamfffbbbbckcdjgamf
base_260124,bird3_kB4_260124_171015.720.wav,iiiiiiibbckcdjgmfff
base_260124,bird3_kB4_260124_124709.419.wav,iiiiibbbbckcdjgamffbbbbckcdjgamckfffffffbbcdjgam
base_260124,bird3_kB4_260124_124613.416.wav,iiiibbbbbckcdjgamckffffbckcdjgmf
base_260124,bird3_kB4_260124_124246.409.wav,iiiiiibbbckcdjgamfffcdjgf
base_260124,bird3_kB4_260124_145217.542.wav,iiiiiiiibbbbckckcdjgamffff
base_260124,bird3_kB4_260124_171024.721.wav,iiiiibbbckcdjgmfffbbcdjgmf
base_260124,bird3_kB4_260124_155138.608.wav,iiiiiibbbbckcdjgmfffbbckcdjgmf
base_260124,bird3_kB4_260124_111541.352.wav,iiiiiiibbbbckcdjgamffffbbbcdjgamckbffffffbbcdjgamf
base_260124,bird3_kB4_260124_154715.595.wav,iiiiiifiiiiiiiibbbcfff
base_260124,bird3_kB4_260124_150627.586.wav,iiiiiiiiiibbbckcdjgmffbbcdjgamckbbbckcdjgamfffbbbckcdjgamckbfffffffbbcdjgamf
base_260124,bird3_kB4_260124_144943.534.wav,iiiiiiiibbbckcdjgmffbbckcdjgmfffbbckcdjgmfff
base_260124,bird3_kB4_260124_140639.509.wav,iiiiiiiiibbffffbbckcdjgmfffbbbcf
base_260124,bird3_kB4_260124_165209.675.wav,iiiiiibbbckcdjgamffffbbckcdjgamf
base_260124,bird3_kB4_260124_170337.693.wav,iiiiibbbckcdjgamfffbbckcdjgamckbbbbbckcdjgamffcdjgmf
base_260124,bird3_kB4_260124_141909.528.wav,iiiiiibbbckcdjgamffffbbckcdjgamf
base_260124,bird3_kB4_260124_135844.492.wav,iiiiibbckcdjgamfffbbckcdjgmf
base_260124,bird3_kB4_260124_171347.728.wav,iiiiiiiibbbbbckcdjgmffbbckcdjgmf
base_260124,bird3_kB4_260124_135913.494.wav,iiiiibbbckcdjgamckbffffffbbcdjgmf
train_260128,bird3_kB4_260128_123011.226.wav,iiiiibbckcdjgmf
train_260128,bird3_kB4_260128_133259.272.wav,iiiiibbbckcdjgmckcdjgmckbbbbbckcdjgmckbfffbbcdjgamf
train_260128,bird3_kB4_260128_132150.249.wav,iiiiiiiiibbbbckcdjgmckbbbbckcdjgmckbbbbbckcdjgamckbfffcdjgmf
train_260128,bird3_kB4_260128_094252.26.wav,iiiiiibbbbckcdjgmckbbbbbckcdjgmckbbbckcdjgmf
train_260128,bird3_kB4_260128_111815.124.wav,iiiiiibbbckcdjgamckbfffbbbcdjgamckbbbbckcdjgmffbbbbf
train_260128,bird3_kB4_260128_102340.73.wav,iiiiiiibbbckcdjgamffbbbbckcdjgamckbbfffffbbckcdjgamf
train_260128,bird3_kB4_260128_134611.315.wav,iiiiiibbbbckcdjgamffbbbbckcdjgamffbbbbbbckcdjfffffbbcdjgamf
train_260128,bird3_kB4_260128_164015.511.wav,iiiiiiiiiiibbbbbckcdjgamcffffiffffbbbbckcdjgamckbbbbbckcdjghmckbbbbckcdjgmf
train_260128,bird3_kB4_260128_093605.5.wav,iiiiiibbbickcdjgmckbbbbffffbbckcdjgamffbbckcdjgaf
train_260129,bird3_kB4_260129_161359.410.wav,iiiiiibbckcdjgamckbbbbbcfffcdjgmckcdjgamff
train_260129,bird3_kB4_260129_154741.340.wav,iiiibbbckcdjgamckbbbcdjgmckbbbbckcdjgmf
train_260129,bird3_kB4_260129_111209.127.wav,iiiiiibbbckcdjgamfffbbbckcdjgamckbbbbbckcdjgmf
train_260129,bird3_kB4_260129_131745.227.wav,iiiiiiiibbbckcdjgamckbbbbckcdjgamckbbbbcdjgmfffbbcdjgamf
train_260129,bird3_kB4_260129_144048.296.wav,iiiiiiiiibbbckcdjgmckbbfffcdjgmffbbbbbckcdjgmfff
train_260129,bird3_kB4_260129_121219.187.wav,iiiiiiibbbckcdjgmckbfffffbbcdjgam
train_260129,bird3_kB4_260129_155654.375.wav,iiiiiiibbbckcdjgamfffbb
train_260129,bird3_kB4_260129_131023.212.wav,iiiiiibbckcdjga
train_260129,bird3_kB4_260129_144411.299.wav,iiiiiiiiibbbbckcdjgamckbbbbfffickcdjgamckbbbbffffcdjgamff
train_260129,bird3_kB4_260129_144441.300.wav,iiiiiiiiibbbckcdjgamckbbckcdjgamckbbbbckcdjgmffffbbbckcdjgmf
train_260129,bird3_kB4_260129_160518.400.wav,iiiiiiibbbckbbbcdjgmckbbbckcdjgmckcdjgmf
train_260129,bird3_kB4_260129_092219.10.wav,iiiiiiiibbbckcdjgmfckbbbbbbckcdjgamf
train_260129,bird3_kB4_260129_104204.64.wav,iiiiiiiiiiibbbckcdjgamfffbbbbcdjgamckcdjgamf
train_260129,bird3_kB4_260129_144940.317.wav,iiiiiiiiibbbckcdjgamckbbbfffbbckcdjgmfffbbbbbckcdjgamf
train_260129,bird3_kB4_260129_101126.52.wav,iiiiiiibbbckcdjgmckbfffbbcdjgamffbbbbcdjgmckbfffcdjgmf
train_260129,bird3_kB4_260129_120217.155.wav,iiiiiibbbckcdjgamckbbbckcdjgmckbbbbbckcdjgmckbbbbbbfffffbbckcdjgmf
train_260129,bird3_kB4_260129_131105.215.wav,iiiiibbckcdjgamfffbbckcdjgmckbbbckcdjgamfffbbbbcdjgamf
train_260129,bird3_kB4_260129_160546.401.wav,iiiiiiibbbbckcdjgafffbbbbckcdjgamffi
train_260129,bird3_kB4_260129_101901.62.wav,iiiiiiiibbbckcdjgmfffbbckcdjgfffbbbbbckcdjgmf
train_260129,bird3_kB4_260129_141736.276.wav,iiiiiiiiiibbbckcdjgmckbbbckcdjgmckbbbbbckcdjgamf
train_260129,bird3_kB4_260129_092023.5.wav,iiiiibbbckcdjgmckbbbbbckcdjgmckcdjgm
train_260129,bird3_kB4_260129_121301.188.wav,iiiiiibbbckcdjgamckbbbbbbcdjgamf
train_260129,bird3_kB4_260129_110821.115.wav,iiiiiiiibbbckcdjgmcfbbbcdjgamckbbbbffffbbckcdjgmckbbbbcdjgamf
train_260129,bird3_kB4_260129_141916.280.wav,iiiiiiiiibbbbckcdjgamckbbfffffcdjgmf
train_260129,bird3_kB4_260129_141836.278.wav,iiiiiiiiiiibbbbckcdjgmf
train_260129,bird3_kB4_260129_133150.267.wav,iiiiiiibbckcdjgmckbbbbbckcdjgmckbbbbbffffbbbcdjgmf
train_260129,bird3_kB4_260129_091900.0.wav,iiiiiiiibbbbckcdjgamckcdjgmffbbbbbckcffffffcdjgmf
train_260129,bird3_kB4_260129_111128.125.wav,iiiiiiiiibbckcdjgamckbbfffbbckcdjgamckbbbbbbcdjgmf
train_260129,bird3_kB4_260129_121312.189.wav,iiiiiiiiibbbbckcdjgmfffbbbbckcdjgamf
train_260130,bird3_kB4_260130_120218.103.wav,iiiiibbbbckcdjgamckbfffcdjgamckbbbbbbbckcdjgamfffbbbbckcdjga
train_260130,bird3_kB4_260130_142215.317.wav,iiiiiibbckcdjgmckbfffbbcdjgamckcdjgamf
train_260130,bird3_kB4_260130_152155.367.wav,iiiiiiibbbbckcdjgamckbff
train_260130,bird3_kB4_260130_123607.157.wav,iiiiiiiiiiiibbbckcdjgamckbbbbbckcdjga
train_260130,bird3_kB4_260130_151806.352.wav,iiiiibbbckcdjgamckbbbfffcdjgmckbbbf
train_260130,bird3_kB4_260130_121114.137.wav,iiiiiiiibbbckbcdjgamckbbbbcdjgmckbbffcdjgmckcdjgmckcdjgamff
train_260130,bird3_kB4_260130_154111.438.wav,iiiiibbbckcdjgamffbbbbcdjgamf
train_260130,bird3_kB4_260130_140936.274.wav,iiiiiibffffiiiiiibbbckcdjgamckbbbckcdjgamckbbbbckcdjgamffffbbbbcdjgamf
train_260130,bird3_kB4_260130_155015.471.wav,iiiiiiibbbckcdjgamfff
train_260130,bird3_kB4_260130_161508.559.wav,iiiiibbbckcdjgmffbbbckcdjgamckbbbcdjgamckbfffffbbcdjgai
train_260130,bird3_kB4_260130_161339.554.wav,iiiiiibbbbckcdjgamff
train_260130,bird3_kB4_260130_140609.255.wav,iiiiiibbbckcdjgmckbbbckcdjgamckbbbbbcdjgamckbfffbbcdjgmckcdjgmf
train_260130,bird3_kB4_260130_130003.175.wav,iiiiibbbbcdjgamckbbbbcdjgmckbfffffcdjgmffffffbbckcdjgamf
train_260130,bird3_kB4_260130_111134.78.wav,iiiiiiiiiiiiiibbckcdjgamfffbbbckcdjgamf
train_260130,bird3_kB4_260130_161315.553.wav,iiiiiibbbckcdjgamckbffbbcdjgamff
train_260130,bird3_kB4_260130_153132.398.wav,iiiiiiibbbbcdjgmffbbckcdjgamckbbbbbcdjgmckcdjgmff
train_260130,bird3_kB4_260130_105314.54.wav,iiiiiiiiiiibbckcdjgamffffffbbbbckcdjgamf
train_260130,bird3_kB4_260130_141048.279.wav,iiiiibbbckbbcdjgamckbfbbbcdjgamf
train_260130,bird3_kB4_260130_120704.124.wav,iiiiiiiibbbbbckcdjgmckbbbckcdjgamckbbbbbbcdjgamckbbffffffffibbbcdjgamf
train_260130,bird3_kB4_260130_141718.298.wav,iiiiiibbbckcdjgamff
train_260130,bird3_kB4_260130_120021.99.wav,iiiiiiiiiiibbbckcdjgmckbfffbbbcdjgamckbbbbbbckcdjgamffffbbcdjgmf
train_260130,bird3_kB4_260130_151746.351.wav,iiiiiibbbcdjgamckbbcdjgamckcdjffbbbckcdjgamfffbbbckcdjgam
