day_folder,file,label_sequence,has_feedback,n_feedback_matches,rec_file_found,rec_file
base_241001,bird1_bkd_241001_165935.121.wav,iiiihhcjcbbiiiiihhcjdgbbihcjdgbbihcjcbbdgbbihcjii,0,0
base_241001,bird1_bkd_241001_161355.70.wav,idiiiiiiiighhcjcbbihcjdgbbihcjcbbihcjdgbbihcjcihdg,0,0
base_241001,bird1_bkd_241001_163028.91.wav,ihhcjdgbbihcjdgbbihcjdgbb,0,0
base_241001,bird1_bkd_241001_165840.119.wav,iiiiiiiiihhhcjdgbbihcjdgbbihcjdgbbihdgbbihcjdgbbiiihcjdgbb,0,0
base_241001,bird1_bkd_241001_151814.2.wav,iiiiiihhcjcbbihcjdgbbihcjdgbbihcjdgbbiiiihcjcihdgbbihcjdgbbihcjdg,1,1
base_241001,bird1_bkd_241001_164824.105.wav,iiiiihhcjcbbihcjdgbbihcjdgbbihcjdgbbihcjdgbb,0,0
base_241001,bird1_bkd_241001_171607.135.wav,iiiiiiiiiihhhcjdgbbihcjdgbbihcjdgbbihcjdgbb,0,0
base_241001,bird1_bkd_241001_162913.89.wav,iiiiiiiiiiiiiiiiiihhcjcbhdgbbihdgbb,0,0
base_241001,bird1_bkd_241001_172359.141.wav,iiiiiiiiihhcjcbbihcjdgbbdhcjdgbbihcjdgbbihcjdgbbihcjdg,0,0
base_241001,bird1_bkd_241001_151924.4.wav,iiiiiiiihhhcjcbbihcjdgbbihcjdgbbihcjdgbbihcjdgbb,0,0
base_241001,bird1_bkd_241001_161320.69.wav,iiiiiiiihhcjcbbihcjdgbbihcjdgbb,0,0
base_241001,bird1_bkd_241001_165416.110.wav,iiiiiihhhhcjcbbihdgbbihcjdgbbihcjdgbbihcjdgbb,0,0
base_241001,bird1_bkd_241001_151737.1.wav,iiiiiiiihhhcjcbbihcjdgbbihcjdgbbihcjcbbdgbbdhcjdgbbii,0,0
base_241001,bird1_bkd_241001_172520.143.wav,iiihhcjcbbihcjdgbbihcjdgbbihcjdg,1,1
base_241001,bird1_bkd_241001_174724.160.wav,iiiiiiihhhhcjcbb,0,0
base_241001,bird1_bkd_241001_152114.7.wav,iiiiiiiiihhhcjcbbihcjdgbbihcjdgbbihdgbb,0,0
base_241001,bird1_bkd_241001_164954.107.wav,iiiiiiiiiihhhcjdgbbihdgbbihcjdgbbihcjdgbbihcjcihdg,0,0
base_241001,bird1_bkd_241001_165904.120.wav,iidiiiiiihhhcjcbbihcjdgbbihcjdgbbcjdgbbihcjdgiihcjdg,0,0
base_241001,bird1_bkd_241001_165514.111.wav,iiihhhcjdgbbihcjdgbbihcjdgbbihcjcdg,0,0
base_241001,bird1_bkd_241001_161252.67.wav,iigiiiihiihhcjcbbihcjdgbbihcjdgbbihcjdgbbihcjdg,0,0
base_241001,bird1_bkd_241001_161208.65.wav,iiiiiiiihhhcjcbbihcjdgbbihcjdgbbihdgbbihcjdg,0,0
base_241001,bird1_bkd_241001_164726.103.wav,giiiiiihiihhhcjcbbihdgbbihcjdgbbihcjdgbbihcjgbbiiiihhcjcihdgbbihcjdgiiiiiihhcjcbbihcjgbbihcjdgbbihcjdgbbihcjdg,0,0
base_241001,bird1_bkd_241001_152852.16.wav,iiiiiiiiihhcjdgbbihcjdgbbiiiihhcjdgbbihcjcbbdg,0,0
base_241001,bird1_bkd_241001_172435.142.wav,iiiiiiiiiihhhhcjdgbbihcjdgbbihcjdgbbihcjdg,0,0
base_241001,bird1_bkd_241001_195336.203.wav,iijhhhcjdgbbihcjdgbb,0,0
base_241001,bird1_bkd_241001_153314.24.wav,iiiiiiiiihhhhhcjdgbbihdgbbihcjdgbbihdgbb,0,0
base_241001,bird1_bkd_241001_152835.15.wav,iiiiiihihhhhcjdgi,0,0
base_241001,bird1_bkd_241001_161417.71.wav,iiiiiiiiihhhcjcbbihcjdgbbihcjdgbbcjcbbdgbb,0,0
base_241001,bird1_bkd_241001_161644.75.wav,igiiiiiiihhhcdgbbihdgbbihcjdgbbihcjcihdgbbihcjdgbbihcjcdgiiiiiiiiihhhhcjcbbihdgbbihcjdgbbihcjdgbbihcjdgiiihcjcihdgbbihcjdgiiiiiiihcdgbb,0,0
base_241001,bird1_bkd_241001_160833.62.wav,iiiiiiiiihhhhcjcbbihdgbbihcjdgbbihcjdgbbihcjdg,0,0
base_241001,bird1_bkd_241001_162951.90.wav,iiiiihhhcjdhdgbbihdgbbihcjdgbbihcjdgbbihcjdg,0,0
base_241001,bird1_bkd_241001_181348.166.wav,iihhhhhcjdgbbihcjdgbbihdgbbihc,0,0
base_241001,bird1_bkd_241001_181358.167.wav,iihcjdgbbihcjdgbbihcjdgb,0,0
base_241001,bird1_bkd_241001_161109.64.wav,iiiiiiiiiiihhhhcjcbbdgbbi,0,0
base_241001,bird1_bkd_241001_153607.29.wav,iiiiiiihhhhcjdgbbihciiihhcjdgbbihcjdgbb,0,0
base_241001,bird1_bkd_241001_153645.30.wav,iiiiiiiihhhcjcbbdgbbihcjdgbbihcjdgbbihcjdgbbihcjdgbbihcjcihdgbb,0,0
base_241001,bird1_bkd_241001_170921.129.wav,iiihhhcjdgbbihdgbbihcjdgbhcjdgbbihcjdg,1,1
base_241001,bird1_bkd_241001_174729.161.wav,iiiiiihhcjdgbbihcjdgbbihcjdiiiiiiiihhcjdgbbihcjdgbbihcjdgbbihcjdgbb,0,0
base_241001,bird1_bkd_241001_172303.140.wav,ihhhcjdgbbihdgbb,0,0
base_241001,bird1_bkd_241001_152010.5.wav,iiiiiihhhcjcbbihcjdgbbihcjdgbbihcjdgbbihcjdgbb,0,0
base_241001,bird1_bkd_241001_162334.84.wav,iiiiiiiiiihhhcjcbbihdgbbihcjdgbbihcjdgbbiiihhcjdgbbihcjcihdgbbihcjdgb,0,0
base_241001,bird1_bkd_241001_153738.32.wav,iiiiiiiihhhhcjdgbbihcjcbbdgbb,0,0
base_241001,bird1_bkd_241001_164610.102.wav,iiiiiiiiihhhcjdgbbihcjdgbbihcjdgbb,0,0
base_241001,bird1_bkd_241001_171740.136.wav,iiiiiiiiihiihhcjdgbbihcjdgbbihcjdgbbihcjdgbbiiihhcjdgbbi,0,0
base_241001,bird1_bkd_241001_153526.28.wav,iiiiiiihhhcjdgbbihcjdgbbihcjdgbbihcjcihdgbb,0,0
base_241001,bird1_bkd_241001_161228.66.wav,iiiiiiihhcjcihdgbbihcjdgbbihdgbbihcjciicjdgbb,0,0
base_241001,bird1_bkd_241001_161829.77.wav,iiiiiiiiihhhcjdgbbihcjdgbbihcjdgbbihcjcdgb,0,0
postbase_241010,bird1_bkd_241010_111434.340.wav,iiiiiiiiiihhhhcjcbbdgiiihhcjdiihdgbb,1,1
postbase_241010,bird1_bkd_241010_103857.337.wav,iiiiiiiiiiiiiiidgbbihcjdgbbihcjdgbbdgiiihhcjcihdgbb,1,1
postbase_241010,bird1_bkd_241010_133956.353.wav,ihhcjcbbdgbbiiihcjdgiihcjcihdg,1,1
postbase_241010,bird1_bkd_241010_141858.361.wav,ihhhcjcbbdgiihcjdgbbihcjcdgb,1,1
postbase_241010,bird1_bkd_241010_111535.342.wav,iiiiiiiiiihhhcjcbbihdgbbihcjdgbbdg,1,1
postbase_241010,bird1_bkd_241010_091904.213.wav,ihhhcjcbbihcjdgbbihcjdgbbihcjd,0,0
postbase_241010,bird1_bkd_241010_103912.338.wav,ihhcjdgbbihdg,0,0
postbase_241010,bird1_bkd_241010_133929.352.wav,iiiiiihhhhcjcbbdg,1,1
postbase_241010,bird1_bkd_241010_134017.354_catch.wav,iiiiiiiiiihhcjcbbihcjdgbbihcjdgihcjihcjdgbb,0,0
postbase_241010,bird1_bkd_241010_134116.355.wav,iiiiiiiiiihhcjcbbihdgbbihcjdgbbihcjdg,0,0
postbase_241010,bird1_bkd_241010_101716.307.wav,hhhcjcbbdgbbihcjcbbdgbihcjdgihcjdgbb,1,2
postbase_241010,bird1_bkd_241010_111142.339.wav,iiiiiihhhhcjdgiihcjdiii,0,0
postbase_241010,bird1_bkd_241010_134527.358.wav,iiihhhcjcbbdgbbdgbbihcjdgbbihcjcihdghcjdgbb,1,2
postbase_241010,bird1_bkd_241010_103507.335.wav,iiiiiiiiihhcjcbbdgbbihcjdgbb,0,0
postbase_241010,bird1_bkd_241010_111503.341.wav,iiiiiihhcjcbbdgbbihdgihhcjdgihcjiiiihhcjcihdg,1,1
postbase_241010,bird1_bkd_241010_134543.359.wav,hhcjcbbdgbbihcjcbbdgbbihcjiihcbbdg,1,3
postbase_241010,bird1_bkd_241010_134129.356.wav,iiiiiihhcjcihdgbb,0,0
postbase_241010,bird1_bkd_241010_103330.331.wav,iiiiiiiihhcjcbbdgbbihcjdgbbihcjcihdgbbi,1,1
postbase_241010,bird1_bkd_241010_111656.343.wav,iiihhcjcbbdgbbihcjdgbbihcjdiiiihcjdgbb,1,1
postbase_241010,bird1_bkd_241010_134242.357.wav,hhhcjcbbihdgbb,0,0
postbase_241021,bird1_bkd_241021_152618.102.wav,iiiiiiiiiiiiihhcjcbbdgbbihcjdgbbihcjdgbbihdg,1,1
postbase_241010,bird1_bkd_241010_141759.360.wav,iiiiihhhcjcbbdgbb,1,1
postbase_241021,bird1_bkd_241021_165842.149.wav,iiiiiiiihhhcjcbbihdgbbihcjdgbbihcjdgbbihcjdgiiiihcjdg,0,0
postbase_241021,bird1_bkd_241021_134930.57.wav,iiiihhhiihhcjiihhcjdgbbihcjdgbbihcjcbbdgbbihcjdgbb,1,1
postbase_241021,bird1_bkd_241021_134033.46.wav,iiiiiiihhcjdgbbihcj,0,0
postbase_241021,bird1_bkd_241021_161226.123.wav,iiiiiiiiiiiiihhcjcbbdgbbihcjdgbbihcjdgbbiiihhcjdgbbihcjdgbbihcjcdgbbiiihd,1,1
postbase_241021,bird1_bkd_241021_172113.163.wav,iiiiiiiiiihhhcjcbbihdgbbihcjdgbbihcjcbbdgiiiihdgbbihcjdgbb,1,1
postbase_241021,bird1_bkd_241021_132815.41.wav,iiiiiiiiihhhcjdgbbihcjcbbdgbbihcjcihcjdgbihcjdgbbihcjiihdgihcjdi,1,1
postbase_241021,bird1_bkd_241021_171856.161.wav,hhhcjcbbdgbbihcjdgbbihc,1,1
postbase_241021,bird1_bkd_241021_132247.32.wav,iiiiiiiiiiihhhcjdgbbihcjcbbdgbbihcjdgbbihcj,1,1
postbase_241021,bird1_bkd_241021_173549.176.wav,iiiiiiiiihhdgbbihcjdgbbihcjdgbbihcjcbbdgbbihcjiiidgbb,1,1
postbase_241021,bird1_bkd_241021_145359.93.wav,iiihiihhcjdgbbihcjdgbbihcjdgbbihcjdgbbihcjdgbbihcjdgb,0,0
postbase_241021,bird1_bkd_241021_161417.125.wav,iiihhhcjcbbdgbbihcjdgbbihcjdgbbihdgbbihcjdgb,1,1
postbase_241021,bird1_bkd_241021_184447.200.wav,iiiiiiiiiiiihhhcjcbbihdgbbihcjdgbbihiiiihcjcbbdgbihcjcihdgbbihcjdgi,1,1
postbase_241021,bird1_bkd_241021_185232.204.wav,iiiiiiiiiiiihhhhd,0,0
postbase_241021,bird1_bkd_241021_135922.60.wav,iiiiiiiiiiihhcjcbbdgbbihcjdgbbihcjdgbbihdgbb,1,1
postbase_241021,bird1_bkd_241021_163236.130.wav,iiihhcjcbbdgbbihcjdgbbihcjdgbbihcjdg,1,1
postbase_241021,bird1_bkd_241021_132708.38.wav,iiiiiiiihhhcjchdgbbihcjdgbb,0,0
postbase_241021,bird1_bkd_241021_122006.5.wav,iiiiiiiiiiiiiiiiihhcjcbbdgbbihcjdgbbii,1,1
postbase_241021,bird1_bkd_241021_140429.65.wav,iiiiiihhcjcbbihdgbbihcjdgbbihcjdgbbiiihcjdgi,0,0
postbase_241021,bird1_bkd_241021_184011.197.wav,iiiiiiiiiiiiiihhhcjcbbdgbbihcjdgbbihcjdgbbihdgbbihcjcdgbbihcjdgbbihciiihcjcihdg,1,1
postbase_241021,bird1_bkd_241021_165231.141.wav,iiiiiiiiiiiihhcjcbbihdgbbihcjdgbbihcjdgbbihcjdgbb,0,0
postbase_241021,bird1_bkd_241021_134041.47.wav,iiiiiiiiihhcjdgbbii,0,0
postbase_241021,bird1_bkd_241021_173431.174.wav,iihhhcjcbbdgbbihcjdgbbihcjdgbbihcjdgbbihdgiiiiihcjdgbbihdgbbihcjdgbbihcjiihdgbb,1,1
postbase_241021,bird1_bkd_241021_185618.208.wav,iiiihhhcjcbbdgbbihcjbdgbb,1,1
postbase_241021,bird1_bkd_241021_125103.23.wav,iiiiiihhcjcbbihdgbbihcjdgbbihcjdgbb,0,0
postbase_241021,bird1_bkd_241021_152921.105.wav,iiiiiiiiiihhhdgbbihcjdgbbihcjdgbbihcjdgbbihcjdgbb,0,0
postbase_241021,bird1_bkd_241021_161741.129.wav,iiiiiiiiihiihhcjcbbdgbbihcjcbbdgbbihcjdgbbihcjihdgbbihcjdi,1,2
postbase_241021,bird1_bkd_241021_152803.104.wav,iiiiiiiiiiihhcjidgbbihcjdgbbihcjdgbbih,0,0
postbase_241021,bird1_bkd_241021_165432.144.wav,iiihhcjdgbbihcjdgbbihcjdgbbihdg,0,0
postbase_241021,bird1_bkd_241021_170101.153.wav,iiiiiihiihhcjcbbihdgbbihcjdgbbihcjdgbbihcjdgbbiiihcjdgbbd,1,1
postbase_241021,bird1_bkd_241021_145600.96.wav,iiiihhhcjdgbbihcjdgbbihcjdgbbihcjdgbb,0,0
postbase_241021,bird1_bkd_241021_143414.84.wav,iiiiiiiiiiihhhiihhcjdgbbihcjdgbbihcjdgbbihiihhcjcihdgbb,0,0
postbase_241021,bird1_bkd_241021_155159.121.wav,iiihhhcjdgbbihcjdgbbihcjcdgbbihcjdgbbdi,1,1
postbase_241021,bird1_bkd_241021_152532.100.wav,iiiihhcjdgbbihcjdgbbdgbbihcjdgbbihcjdgbbii,1,1
postbase_241021,bird1_bkd_241021_165814.148.wav,iiiiiiiiiiihhhcjdgbbihcjdgbbihcjcbbdgbbihcjdgbbihcj,1,1
postbase_241021,bird1_bkd_241021_134049.48.wav,iiiiiiiiiiiihhcjcbbihdgbbihcjdgbbihcjdgbbihcjdgiihdgbb,0,0
postbase_241021,bird1_bkd_241021_125149.25.wav,hhcjcihdgbbihcjdgbbihcjdgbbihcjdg,0,0
postbase_241021,bird1_bkd_241021_181514.184.wav,iiiiiiiiiiiihiiiiihhcjcbbdg,1,1
postbase_241021,bird1_bkd_241021_140514.67.wav,hhcjcbbdgbbihcjdgbbihcjdgbbihcjdg,1,1
postbase_241021,bird1_bkd_241021_122116.6.wav,ihhhhcjdgbbihcjdgbbi,0,0
postbase_241021,bird1_bkd_241021_164944.137.wav,iiiiiiiiiiiihhhcjdgbbihcjdgbbihcjdgbb,0,0
postbase_241021,bird1_bkd_241021_122149.8.wav,iiiiiiiiiiihhhcjdgbbihcjdgbbihcjdgihcjcihdg,0,0
postbase_241021,bird1_bkd_241021_170027.152.wav,iiihhhcjdgbbihcjcbbdgbbihcjdgbbihcjcbbdgihcjdgbbihcjdgbb,1,2
postbase_241021,bird1_bkd_241021_140638.70.wav,iiiiiiiiihhhcjdgbbihcjdgbbihcjcbbdgbbihcjdgbbi,1,1
postbase_241021,bird1_bkd_241021_143624.88.wav,iihhiiiiihhcjdgbbihcjdgbbihcjdgbbihcjdgbbihcjdg,0,0
postbase_241021,bird1_bkd_241021_143115.81.wav,iiihhhcjcbbdgbbihcjdgbbihcjdgbbihcjdgbb,1,1
postbase_241021,bird1_bkd_241021_134755.55.wav,iiihhhcjcbbdgbbihcjdgbbihcjdgbihcjdgbbihcjdgbbihcjd,1,1
postbase_241021,bird1_bkd_241021_181857.188.wav,iiihhhcjcbbdgbbihcjdgbbihcjdgbb,0,0
postbase_241021,bird1_bkd_241021_145153.91.wav,iiiiiiihhidgbbihcjdgbbihcjdgbbihcjdgbb,0,0
postbase_241021,bird1_bkd_241021_161716.128.wav,iiiiiiiiiiiiiihhhcjdgbbihcjdgbbihhcjdgbbihcjdgbb,0,0
postbase_241021,bird1_bkd_241021_145436.94.wav,iiiiiiiiihhdgbbihcjdgbbihcjdgbbihcjdgbbihcjdgih,0,0
postbase_241021,bird1_bkd_241021_134017.45.wav,iiiiiiiiiiihhhcjcbbdgbbihcjdg,1,1
postbase_241021,bird1_bkd_241021_153806.112.wav,iiihhcjdgbbihcjdgbbihcjdgbbihcjcbbdgbbihcjdgbbihcj,1,1
postbase_241021,bird1_bkd_241021_124534.17.wav,iiiiiiiihhhcjdgbbihcjdgbbihcjdgbbihcjdgbbihcjdiiihcjiihcjdg,0,0
postbase_241021,bird1_bkd_241021_153908.113.wav,iiiiiihhiihiiihcjcbbdgbbihcjdgbb,1,1
postbase_241021,bird1_bkd_241021_142940.80.wav,iiiiiiiihiihhcjcbbdgbbihcjdgbbihcjdgbbihdg,1,1
postbase_241021,bird1_bkd_241021_181534.185.wav,iiiiiiihiihhcjdgbbihcjdgbbihcjdgbbihdgbbihcjcdgiiihcjdgbbdg,1,1
postbase_241021,bird1_bkd_241021_171553.157.wav,iiiiiiiiiiiihhcjcbbdgbbihcjcbbdgbbihdgbb,1,2
postbase_241021,bird1_bkd_241021_172224.164.wav,iiiiiiiiihiihhcjcbbdgbbihcjdgbbihcjdgbb,1,1
postbase_241021,bird1_bkd_241021_132723.39.wav,iiiiiiihhcjdgbbihcjdgbbihcjdgbb,0,0
postbase_241021,bird1_bkd_241021_145120.90.wav,iiihhcjdiiihhcjdgbbihcjdgbbihcjdgiiiihhdg,0,0
postbase_241021,bird1_bkd_241021_134403.53.wav,iiiiiiiiihhhhcjcbbihdgbbihcjdgbbihcjdgbbihcjiihdgbbiiiiihhcjdgbbihcjdg,0,0
postbase_241021,bird1_bkd_241021_183326.192.wav,iiiihhcjdgbbihcjdgbbihcjdg,0,0
postbase_241021,bird1_bkd_241021_153711.111.wav,iiihhhcjcbbihdgbbihcjdgbbihcjihcjcih,0,0
postbase_241021,bird1_bkd_241021_172051.162.wav,iiiiiiiiiiiiiihhcjcbbdgbbihcjdgbbihcj,1,1
postbase_241021,bird1_bkd_241021_122129.7.wav,iiiiiiiiiiihhhcjcbbihdgbbihcjdgbbihcjcidgbb,0,0
postbase_241021,bird1_bkd_241021_164916.136.wav,iiiiiiiiihhcjcihdgbbihcjdgbbihcjdgbbihcjdg,0,0
postbase_241021,bird1_bkd_241021_141000.75.wav,iiiiihiiihhcjcbbdgbbihcjdgbbihcjcbbihcjidgbbih,1,1
postbase_241021,bird1_bkd_241021_132332.33.wav,iiiiiiiiiiihhhhcjcbbdgbbihcjdgbbihcjcbbdgbbihcjdgiiihdgi,1,2
postbase_241021,bird1_bkd_241021_171509.156.wav,iiiihhhcjcbbdgbbihcjdgbbihcjdgbb,1,1
postbase_241021,bird1_bkd_241021_183635.196.wav,iiiiiiiiiiiiihhhhhcjcbbdgbbihcjdgbbihcj,1,1
postbase_241021,bird1_bkd_241021_134838.56.wav,hhhhcjdiihhidgbbihcjdgbbihcjdgiiihdgbbihcjd,0,0
postbase_241021,bird1_bkd_241021_121636.2.wav,iiiiiiiiiiiihhhcjcbbdgbbihcjdgbbihcjdgbbi,1,1
postbase_241021,bird1_bkd_241021_140535.68.wav,iiiiiihiihhcjcbbdgbbihcjdgbbihcjdgbbihcjdgbb,1,1
postbase_241021,bird1_bkd_241021_134253.50.wav,iiiiiiiiiihhhcjdgbbihcjdgbbihcjdgihcjdiihcjdgbbihciiihdgiihcjdgbb,0,0
postbase_241021,bird1_bkd_241021_142840.78.wav,iiiiiihhhcjcbbdgbbihcjdgbbihcjcihdgiiihhcjdgbbiiihcjdgbbihcjciiihhcjdgbb,1,1
postbase_241021,bird1_bkd_241021_172307.166.wav,iiiiiiiihhhcjcbbdgbbihcjdgbbihcjcbbdgbbihcjdgbb,1,2
postbase_241021,bird1_bkd_241021_161317.124.wav,iiiiiiiihhhcjcbbdgbbihcjdgbbihcjdgbbihcjdgbb,1,1
postbase_241021,bird1_bkd_241021_132649.37.wav,iiihhhcjcbbihdgbbihcjdgbbihdg,0,0
postbase_241021,bird1_bkd_241021_132743.40.wav,iiiiiiiiihhcjdgbbiihcjcbbdgbbihcjdgbii,1,1
postbase_241021,bird1_bkd_241021_140654.71.wav,iiiiiihhcjdgbbihcjdgbbihcjcbbdgbbii,1,1
postbase_241021,bird1_bkd_241021_183353.193.wav,iiiiiiihiihhcjcbbdgbbihcjdgbbihcjiihcjcbbdg,1,2
postbase_241021,bird1_bkd_241021_161629.126.wav,iiiiiiiiihiiiihhcjcbbdgbbihcjdgbbihcjdgbb,1,1
postbase_241021,bird1_bkd_241021_174243.182.wav,iihhhiihcjdgbbihcbbdgbbihcjdgbbihcjcbbdgb,1,2
postbase_241021,bird1_bkd_241021_155135.120.wav,iiiiihhcjdgbbihcjdgbbihcjdgbbihcjdgi,0,0
postbase_241021,bird1_bkd_241021_172455.169.wav,iiiiiiiiiiihhhcjcbbihdgbbihcjdgbbihcjdgbbihcjdgbbihcjcdgbbihi,0,0
postbase_241021,bird1_bkd_241021_170145.155.wav,iiiiiiihhcjdgbbihcjdgbbihcjcbbdgbbihcjdg,1,1
postbase_241021,bird1_bkd_241021_153417.106.wav,iiihhhcjdgbbihcjdgbbihcjdgbbihcjdgiiihcjdgbbihcjiihdgbbihcjcdgbbihcjdgi,0,0
postbase_241021,bird1_bkd_241021_172651.170.wav,iiihhiiiiihhhcjcbbihdgbbihcjdgbbihcjdgbbihcjcdgb,0,0
postbase_241021,bird1_bkd_241021_135112.59.wav,hhidgbbihcjdgbbihcjcbbdgbbihcjdgbbiiihdg,1,1
postbase_241021,bird1_bkd_241021_140916.73.wav,hhhiihhcjdgbbihcjdgbbihcjdgbbihcjdg,0,0
postbase_241021,bird1_bkd_241021_135025.58.wav,iiiiiiiiiiihcjdgbbihcjdgbbihcjdgbbihcjiihdgbbihcjdgiiihcjdgiiihhcjcihdg,0,0
postbase_241021,bird1_bkd_241021_153635.110.wav,iiiiiiiihhcjdgbbihcjcbbdgbbihcjdgbbihcjiihdgbbihcjcdgbbihcjcbbdg,1,2
postbase_241021,bird1_bkd_241021_165005.138.wav,iiihhcjcbbihdgbbihcjdgbbihdgbb,0,0
postbase_241021,bird1_bkd_241021_143431.85.wav,iiiiiiiiihhcjdgiiihhiihidgbbihcjd,0,0
postbase_241021,bird1_bkd_241021_145716.98.wav,iiiiiiiiiiiiihhcjdgbbihcjdgbbihcjdgbbihcj,0,0
postbase_241021,bird1_bkd_241021_132617.35.wav,iiiiiiiiihhhhcjdgbbihcjdg,0,0
postbase_241021,bird1_bkd_241021_140417.64.wav,iiihhhcjcbbdgbbihcjdgbbihcjdgb,1,1
postbase_241021,bird1_bkd_241021_142806.77.wav,iiiiiiiiiiiihhcjcbbdgbbihcjdgbbihcjdgbbihiihhdg,1,1
postbase_241021,bird1_bkd_241021_154121.116.wav,iiiiiiihhcjdgbbihcjdgbbihcjcbbdgbbihcjdg,1,1
postbase_241021,bird1_bkd_241021_143330.82.wav,iiiihhcjdgbbihcjdgbbihcjdgbbiiidgbbihcjdgbbih,0,0
postbase_241021,bird1_bkd_241021_171613.158.wav,iiiiiiiiiihhcjcbbdgbbihcjdgbbihcjdg,1,1
postbase_241021,bird1_bkd_241021_125024.21.wav,iiiiiiiiiiiihiiihcjdgbbihcjcbbdgbbihcjdgbbihcjdgi,1,1
postbase_241021,bird1_bkd_241021_172400.168.wav,iiiiiiiiihiihhcjcbbdgbbihcjdgbbihcjdgbbihcjcbbdgbbihcjdgbbihcjdgihdgbb,1,2
postbase_241021,bird1_bkd_241021_121943.4.wav,iiihhhiiihcjdgbbihcjdgbbiiihi,0,0
postbase_241021,bird1_bkd_241021_171804.160.wav,iiihhhhcjcbbdgbbihcjdgbbihcjcihdgbb,1,1
postbase_241021,bird1_bkd_241021_181754.187.wav,iiihhhcjdgbbihcjdgbbihcjdgbbihcjiihcjdgbihcjdgbbi,0,0
postbase_241021,bird1_bkd_241021_173519.175.wav,iiihhhcjcbbdgbbihcjdgbbihcjdgbbihiiiihcjcdgbb,1,1
postbase_241021,bird1_bkd_241021_173923.179.wav,iiiiiihhcjcdgbbihcjdgbbihcjdgbbihcjdgbbi,0,0
postbase_241021,bird1_bkd_241021_143509.86.wav,hhhcjdgbbihcjdgbbihcjcbbdgbbihcjdg,1,1
postbase_241021,bird1_bkd_241021_185248.205.wav,iiiiiiiiiiihhcjcbbdgbbihcjdgbbih,1,1
postbase_241021,bird1_bkd_241021_184726.202.wav,iiiiiiihiiiiihhhhcjcbbihdgbbihcjdgbbihcjihcjcdgbbihcjdgbbihci,0,0
postbase_241021,bird1_bkd_241021_122840.10.wav,iiihhhcjcbbdgbbihcjdgbbihcjdgbbihcjcihdgbbihiihcjd,1,1
postbase_241021,bird1_bkd_241021_185454.206.wav,iiiihiihhcjcbbdgbbihcjdgbbihcjdgbbihcjiiihcjdg,1,1
postbase_241021,bird1_bkd_241021_145617.97.wav,ihhcjdgbbihcjcdgbbihcjdgiiihdgbbihcjdgbbihcjdgbb,0,0
postbase_241021,bird1_bkd_241021_152550.101.wav,iiiiiiihiihhcjcbbdgbbihcjdgbb,1,1
postbase_241021,bird1_bkd_241021_140500.66.wav,iiihhcjcbbdiihcjdgbbihcjdgbb,1,1
postbase_241021,bird1_bkd_241021_134327.51.wav,iiiiiihhcjdgbbihcjdg,0,0
postbase_241021,bird1_bkd_241021_183529.195.wav,iiihiihhcjcbbdgbbihcjdgbbihcjdgbbdg,1,2
postbase_241021,bird1_bkd_241021_152143.99.wav,iiiiiiiiiiihhhcjcbbdgbbihcjdgbbihdgbbihcjdgi,1,1
postbase_241021,bird1_bkd_241021_145458.95.wav,iiiiiihhcjdgbbihcjdgbbihcjdgbbihcjdgbbihcjcdgbbihcjdi,0,0
postbase_241021,bird1_bkd_241021_140318.63.wav,ihhcjdgbbihcjdgbbihcjdgbbihcjdgbbihcjdg,0,0
postbase_241021,bird1_bkd_241021_132909.42.wav,iiiiiiiiiihhhcjcbihdgbbihcjdgbbihcjcdgbbihcjdgbb,0,0
postbase_241021,bird1_bkd_241021_132543.34.wav,iiiiiiiiihhhhcjdgbbihcjdgbbihcjdgbbihcjdgiiihcjdgiiiihhcjdg,0,0
postbase_241021,bird1_bkd_241021_140938.74.wav,iiiiiiiihhcjdgbbihcjdgbbihcjdgbbihcjdgbbihcjiihdgbb,0,0
postbase_241021,bird1_bkd_241021_130913.27.wav,iiihhidgbbihcjdgbbihcjdgiihcjcihcjdgihcjdg,0,0
postbase_241021,bird1_bkd_241021_144656.89.wav,iiiihhcjdgbbihcjdgbbihcjdgbbihcjdgbb,0,0
postbase_241021,bird1_bkd_241021_171659.159.wav,iiihhhcjcbbdgbbihcjdgbbihcjdgbb,1,1
postbase_241021,bird1_bkd_241021_143350.83.wav,iiiiiiiiiihhhcjdgbbihcjdgbbihcjdgbbihcjdgi,0,0
postbase_241021,bird1_bkd_241021_154905.119.wav,iiihhcjdgbbihcjdgbbihcjdgbbihcjdgbbihcjdg,0,0
postbase_241021,bird1_bkd_241021_132203.30.wav,iiiiiihhcjcbbihdgbbihcjdgbbihcjdgiiiihhcihdg,0,0
postbase_241021,bird1_bkd_241021_123943.16.wav,iiiiiiiiiiiiiihhcjcbbi,0,0
postbase_241021,bird1_bkd_241021_123851.15.wav,iiiiiiiihhhcjdgbbihcjdgbbihcjdgbbihcjcihdgihcjdgbbihiihdgbbihcjdgbbi,0,0
postbase_241021,bird1_bkd_241021_165923.150.wav,iiiiiiiiiiiihhhcjcbihdgbbihcjdgbbihcjdgbbihcjdgbbihdi,0,0
postbase_241021,bird1_bkd_241021_165700.145.wav,iiihihhcjdgbbihcidgbbihcjdgbbihcjdgbbihdgbbihcjdgbbiiihcjcdgbbiihcjdg,0,0
postbase_241021,bird1_bkd_241021_133819.43.wav,iihhhcjcbbdgbbihcjdgbbihcjdgbbihcjdg,1,1
postbase_241021,bird1_bkd_241021_173658.177.wav,iiihhhcjdgbbihcjdgbbihcjcdgbbihcjdgbbdgi,1,1
postbase_241021,bird1_bkd_241021_125210.26.wav,iiiiiiiiiiihhhcjiihhcjcbbihcjdgbbihcjdgbb,0,0
postbase_241021,bird1_bkd_241021_182122.189.wav,iiihhiihiihcjdgbbihcjdgbbihcjdgbbihcjdgbb,0,0
postbase_241021,bird1_bkd_241021_134121.49.wav,iiiiiiiiihhhcjcbbihcjdgbbihcjdgbbihcjcbbdgiihdgbbihcjdgbb,1,1
postbase_241021,bird1_bkd_241021_134333.52.wav,iiiiihhhcjcbbihcjdgbbihcjdgbihcjdgbbihcjiiiihdg,0,0
postbase_241021,bird1_bkd_241021_124852.18.wav,iiiiiiiiiiiiihhhcjcbihdgbbihcjdgbbihcjdgiiihhcjdgbbihcjdg,0,0
postbase_241021,bird1_bkd_241021_134447.54.wav,iiiiiiihiihhhcjdgbbihcjdgbbihcjdgbbihcjdgbb,0,0
postbase_241021,bird1_bkd_241021_165741.147.wav,iiiihcjcihdgbbihcjdg,0,0
postbase_241021,bird1_bkd_241021_170003.151.wav,iiiiiiiiiiiiiiihhhcjcbbihdgbbihcjdgbbihcjdgbbihc,0,0
postbase_241021,bird1_bkd_241021_140738.72.wav,iiiiiiiiiihhhcjcbbihcjdgbbihcjdgbbihcjdgbbihdgbb,0,0
postbase_241021,bird1_bkd_241021_164903.135.wav,iiiiihhcjcbbdgbbihcjdgbbihdgbb,1,1
postbase_241021,bird1_bkd_241021_180957.183.wav,iiiihhhcjcbbdgbbihcjdgbbihcjdgb,0,0
postbase_241021,bird1_bkd_241021_121904.3.wav,iiiiiiiihhiiihhhcjdgbbihcjdgbbihcjdgbbi,0,0
postbase_241021,bird1_bkd_241021_170128.154.wav,iiiiiiiiihhcjiihhcjcbbdgbbihcjdgbb,1,1
postbase_241021,bird1_bkd_241021_132629.36.wav,hhhcjcbbihdgbbihcjdgbbihcjcd,0,0
postbase_241021,bird1_bkd_241021_123459.12.wav,iiiihhcjcbihdgbbihcjdgiihcjdgiiiihcjcihcjdg,0,0
postbase_241021,bird1_bkd_241021_122208.9.wav,iihhcjdgbbihcjdgbbihcjcbbdg,1,1
postbase_241021,bird1_bkd_241021_184543.201.wav,iiiiiiiiiiihhhcjcbbdgbbihcjdgbbihcjcihdgbbihcjdg,1,1
postbase_241021,bird1_bkd_241021_172244.165.wav,iiiiihhcjcbbihdgbbihcjdgbbih,0,0
postbase_241021,bird1_bkd_241021_185626.209.wav,hcjdgbbihcjcijdgbbihcjbg,0,0
postbase_241021,bird1_bkd_241021_182701.191.wav,iiiiiihiihhcidgbbihcjdgbbihcjdgbb,0,0
postbase_241021,bird1_bkd_241021_185139.203.wav,iiiiiiiiiiihiihhcjcbbdgbbihcjdgbbihdg,1,1
postbase_241021,bird1_bkd_241021_140602.69.wav,iiiiiiiiiiiiihhhdgbbihcjdgbbihcjdgbbihcjiiihcdgb,0,0
postbase_241021,bird1_bkd_241021_124951.20.wav,iiiiiiiiihhcjdgbbihiiiiiihhcjihdgbbihcjdgbbihcjdgbbihcjdgbbi,0,0
postbase_241021,bird1_bkd_241021_165730.146.wav,iihiihhcjdgbbihcjdgbbihcjdgbbihcjdgi,0,0
postbase_241021,bird1_bkd_241021_172329.167.wav,iiiiiiiiihhcjcbbdgbbihcjdgbbihcjdgbbihcjcdgbbihcjdgbbiidg,0,0
postbase_241021,bird1_bkd_241021_164838.133.wav,iiiihhhcjdgbbihcjdgbbihdgbbihcjdgiiihhcjdg,0,0
postbase_241021,bird1_bkd_241021_154306.118.wav,iiiiiihhcjdgbbihcjcbbdgbbihcjdgbbihcjiihdgbbihcjdg,1,1
postbase_241021,bird1_bkd_241021_183445.194.wav,iiiihhcjcbbdgbbihcjdgbbihcjdgbbiiihdgbb,1,1
postbase_241021,bird1_bkd_241021_124922.19.wav,iiiiiiiihhiiiiihhcjdgiihcjdgbbihcjdgbbihcjdgbihdi,0,0
postbase_241021,bird1_bkd_241021_131848.28.wav,iiiiiiiihhcjcbbdgbbihcjdgbbihcjdg,1,1
postbase_241021,bird1_bkd_241021_165353.142.wav,iiihhhcjcbbihdgbbihcjdgbbihcjdgbbi,0,0
postbase_241021,bird1_bkd_241021_142925.79.wav,iiihhhcjcbbihdgbbihcjdgbbihcjdgbbi,0,0
postbase_241021,bird1_bkd_241021_143547.87.wav,iiiiiiiiihhiiihcjdgbbihcjdgbbihcjc,0,0
postbase_241021,bird1_bkd_241021_165105.140.wav,iiiiiiihiiihhcjdgbbihcjdgbbihcjdgbbihcjdgbbiiihcjdgbb,0,0
postbase_241021,bird1_bkd_241021_173821.178.wav,iiiiiiiiiiihhcjiihdgbbihcjdgbbihcjdg,0,0
postbase_241021,bird1_bkd_241021_172920.173.wav,iiiiiiiiiiihiiiihhcjdgbbihcjcbbdgbbihcjdgbbiiiihdgbbiiihcjdgiiihhcjcihcjdgbi,1,1
postbase_241021,bird1_bkd_241021_152634.103.wav,iiiiiiiiihhcjdgbbihcjdgbbihcjdgbb,0,0
postbase_241021,bird1_bkd_241021_154031.115.wav,iiiiiihhcjdgbbihcjdgbbihcjcbbdgbbihcjdgbbihcjdgbbihcjdgiihdgiiiiiihcjdgbbih,1,1
postbase_241021,bird1_bkd_241021_132233.31.wav,hhhiiihiiihcjdgbbihcjdgbbihcjdg,0,0
postbase_241021,bird1_bkd_241021_172713.171.wav,iiiiihhcjdgbbihcjcbbdgbbihcjdgbbihcjdgbb,1,1
postbase_241021,bird1_bkd_241021_132148.29.wav,iiiiiihhhhcjdgbbihcjdgbbihcjdgiihcjdgbb,0,0
postbase_241021,bird1_bkd_241021_164529.131.wav,iiiihhhcjcbbihdgbbihcjdgbbiiihhcjcdgbbihiiiihhcjdg,0,0
postbase_241021,bird1_bkd_241021_123820.13.wav,iiiiiiiiiihhhcjcbbihdgiihcjdgbbihcj,0,0
postbase_241021,bird1_bkd_241021_165417.143.wav,iiiiihiiiiiiihhcjcbbihdgbbihcjdgbbihcjdg,0,0
postbase_241021,bird1_bkd_241021_145313.92.wav,iiiiiiiiiiiiiihhhcjdgbbihcjdgbbihcjdgbbihcjdgbbihcjdgb,0,0
postbase_241021,bird1_bkd_241021_140252.62.wav,iiiiiiiiiihhcjdgbbihcjdgbbihcjdgbbihcjdgbbihdg,0,0
postbase_241021,bird1_bkd_241021_184140.198.wav,iiiiiiiiiiiiihiihhcjcbbdgbbihcjdgbbihcjdgbbihcjcdg,1,1
postbase_241021,bird1_bkd_241021_165036.139.wav,iiiiiiiiihhhiihiihdgbbihcjdgbbihcjdgbbidgbb,1,1
postbase_241021,bird1_bkd_241021_125042.22.wav,hhcjdgbbihcjdi,0,0
postbase_241021,bird1_bkd_241021_174215.181.wav,iiiiiiiiiiiihiiidgbbihcjdgbbihcjdgbbi,0,0
postbase_241021,bird1_bkd_241021_125128.24.wav,iiiiiiiiiihhhcjcbbidgbbihcjcbbdgbbihcjdgbb,1,1
postbase_241021,bird1_bkd_241021_153541.108.wav,iiihhhcjdgbbihcjdgbbihcjdgbbihcjdgbbihcjcdgbbihcjdg,0,0
postbase_241021,bird1_bkd_241021_154006.114.wav,iiiiiiiiihhhcjdgbbihcjdgbbihcjcb,0,0
postbase_241021,bird1_bkd_241021_164605.132.wav,iiihhhcjcbbdgbbihcjdgbbihcjdgbbihiihdgbbihcjdg,1,1
postbase_241021,bird1_bkd_241021_185522.207.wav,iiiiiiiiiiiiiihhhdgbbihdgbbihcjdgbbihcjdgbbihiihcjdgbbdgbih,1,1
postbase_241021,bird1_bkd_241021_184358.199.wav,iiiiiiiiiiihiiihhhcjcbbdgbbihcjdgbbihcjdgbbihdgbbihcjcdgbb,1,1
postbase_241021,bird1_bkd_241021_181606.186.wav,iiiiiihiiiiiihhcjdgbbihcjcbbdgbbihcjiihdgbbihcjcdgbbi,1,1
postbase_241021,bird1_bkd_241021_153622.109.wav,iihhhcjiihdgbbihcjdgbbihcjdgbbihcjdg,0,0
postbase_241021,bird1_bkd_241021_182606.190.wav,iiiiiiiiiihhhcjdgbbihcjdgbbihcjdgbbihcjiihcihdgbbiiiihhcjcdg,0,0
postbase_241021,bird1_bkd_241021_172743.172.wav,iiiiihhcjdgbbihcjdgbbihcjdgbbihcjdgbbiiihdgbb,0,0
postbase_241021,bird1_bkd_241021_154202.117.wav,iiihhdgbbihcjdgbbihcjdgbbihcjdgbbdgbbihcjcidgbbihcjiihdg,1,1
postbase_241021,bird1_bkd_241021_174058.180.wav,iiiiiiiiiiiiiiihhcjcbbdgbbihcjdgbbihcjdgbbihcjdgbbihcjcdgbb,1,1
postbase_241021,bird1_bkd_241021_155233.122.wav,iiiihhhcjdgbbihcjdgbbihcjdg,0,0
postbase_241021,bird1_bkd_241021_142724.76.wav,iiiiiiiihhhcjdgbbihcjdgbbihcjdgiihcjdgbbihcjcdg,0,0
postbase_241021,bird1_bkd_241021_123837.14.wav,iiiiiiiiihhhcjdgbbihcjdgb,0,0
postbase_241021,bird1_bkd_241021_164856.134.wav,iiiiiiiihhcjdgbbihdi,0,0
postbase_241021,bird1_bkd_241021_123424.11.wav,iiiiihhcjcbihdgbbihcjdgihcjdg,0,0
postbase_241021,bird1_bkd_241021_153455.107.wav,iiiiihhcjcbbihdgbbihcjdgbbihcjdgbbihcjdgiiihcjdgbbihcjcdgbbdg,1,1
postbase_241021,bird1_bkd_241021_133935.44.wav,iiiiiiiiihhhcjdgbbihcjdgbbihcjdgbbihcjdgbbihcjdg,0,0
train_241002,bird1_bkd_241002_110320.23.wav,jiiiiiiiiiihhcjcbbdgbbihcjdgbbihcjdgbbihdgbiiihcjdg,1,1
train_241002,bird1_bkd_241002_171907.151.wav,iiiiiiihhcjcbbihcjdgbbihcjdgbbihcjdgiiihcjdgbbihcjdgbbihcj,0,0
train_241002,bird1_bkd_241002_102805.6.wav,iiiiiiiiiiiiihhcjcbbihdgbbihcjdgbbihcjdgbbihcjdgbb,0,0
train_241002,bird1_bkd_241002_141730.107.wav,iiihiiihhcjdgbbihcjdgbbihcjdgbbihcjdgb,0,0
train_241002,bird1_bkd_241002_111835.34.wav,iiihhhcjdgiihcjdgbbihcjdgbbihcjdg,0,0
train_241002,bird1_bkd_241002_103440.16.wav,iiiiiiiiiiihhcjdgbbihcjdgbbihcjdgbbihcjdgi,0,0
train_241002,bird1_bkd_241002_161854.131.wav,iiiiiiiiihhcjcbbihdgbbihcjdgbbihcjdg,0,0
train_241002,bird1_bkd_241002_111912.35.wav,iiiihhcjdgbbihcjdgbbihcjdgbbihcjdgbb,0,0
train_241002,bird1_bkd_241002_140313.104.wav,iiiiiiiiihhhcjdgbbihcjdgbbihcjdgbbihcjdgiihcjcdgbbihcjdg,0,0
train_241002,bird1_bkd_241002_110412.24.wav,iiihhcjcbbihcjdgbbihcjdgbbihcjcihdgbb,0,0
train_241002,bird1_bkd_241002_134941.98.wav,iiihhcjdgbbihcjdgbbihcjdgbbihcjdgbbi,0,0
train_241002,bird1_bkd_241002_123813.81.wav,iiihhcjdgbbihcjdgbbihcjdgbb,0,0
train_241002,bird1_bkd_241002_161636.129.wav,iiiiiiihiiiiihhcjcbbihcjdgbbihcjdgbbihcjdgbb,0,0
train_241002,bird1_bkd_241002_171839.150.wav,ihhcjcbbihdgbbihcjdgbbihcjdgbbihcjdgbbihcjcdg,0,0
train_241002,bird1_bkd_241002_151323.119.wav,iiiiiihiiiiihhhcjcbbihcjdgbbihcjdgbbihcjdgbb,0,0
train_241002,bird1_bkd_241002_144012.110.wav,iiihhhcjdgbbihcjdgbbihcjdgbb,0,0
train_241002,bird1_bkd_241002_102706.5.wav,iiiiiiihiiiiihhcjdgbbihcjdgbbihcjcbbihcjcihdgbbihcjdg,0,0
train_241002,bird1_bkd_241002_140041.102.wav,iiihhhcjdgbbihcjdgbbihcjdgbbihcjdgbbihcjdg,0,0
train_241002,bird1_bkd_241002_121504.76.wav,iiiiihiihhcjdgbbihcjdgbbihcjdgbbihcjdgbb,1,1
train_241002,bird1_bkd_241002_161953.132.wav,iihiihhcjcbbihdgbbihcjdgb,0,0
train_241002,bird1_bkd_241002_121308.73.wav,iiihhhcjdgbbihcjdgbbihcjdgbb,0,0
train_241002,bird1_bkd_241002_114433.56.wav,iiiiihhcjcbbihdgbbihcjdgbbihcjdgbbihcjdg,0,0
train_241002,bird1_bkd_241002_120431.69.wav,iiihhhhcjdgbbihcjdgbbihcjdgbbihcjdgbbihcjdgbb,0,0
train_241002,bird1_bkd_241002_112456.41.wav,hhcjdgbbihcjdgbbihcjcbbdgbbihcjdgb,1,1
train_241002,bird1_bkd_241002_152911.125.wav,iiihhcjdgbbihcjdgbbihcjdgbbihcjdgbbihcjdg,0,0
train_241002,bird1_bkd_241002_112635.43.wav,iiiiiiihiihhcjcbbihcjdgbbihcjdgbbihcjcbiihhcjdgbbihcjdg,0,0
train_241002,bird1_bkd_241002_145431.111.wav,iiihhcjdgbbihcjdgbbihcjdgbbihcjdgbbiiihcjdgihcbbdg,1,1
train_241002,bird1_bkd_241002_112744.45.wav,iiiiiiiiiiihhcjdgbbihcjdgbbihcjdgbbihcjcbbdi,1,1
train_241002,bird1_bkd_241002_103203.11.wav,iiiiiiihhhhcjcbbihdgbbihcjdgbbihcjdgbbihdgbb,0,0
train_241002,bird1_bkd_241002_103644.20.wav,iiiiiihiihhcjdgbbihcjdgbbihcjcbbdgbbihcjdgbbihcjdihcbbi,1,1
train_241002,bird1_bkd_241002_135534.100.wav,iiiiiiiiiihhhcj,0,0
train_241002,bird1_bkd_241002_103452.17.wav,ihcjdgbbihcjdgbb,0,0
train_241002,bird1_bkd_241002_102604.3.wav,iiiiiihiiiiiiiihhcjdb,0,0
train_241002,bird1_bkd_241002_112217.38.wav,iiiiiiiiiiiihhhcjdghiihhcjdgbbihcjdgbb,0,0
train_241002,bird1_bkd_241002_115243.61.wav,iiiiiiiiihhhcjdgbbiiihcjdgbbihcjdgbbihcjdgbbihcjdgbbihcjcihdgbbihcjdgiihcjd,0,0
train_241002,bird1_bkd_241002_135428.99.wav,iiihhhcjdgbbihcjdgbbihcjdgbbiiiihcjcidgbb,0,0
train_241002,bird1_bkd_241002_145722.112.wav,iiihhhcjcbbihdgbbihcjdgbbihcjdgbbd,1,1
train_241002,bird1_bkd_241002_134826.97.wav,iiiiihiihhcjdgbbihcjdgbbihcjdgbbihcjdgbbihcjdgihcjdgbbihdgi,0,0
train_241002,bird1_bkd_241002_141005.105.wav,iiihhhcjcbbihdgbbihcjdgbbihcjdgbb,0,0
train_241002,bird1_bkd_241002_105818.21.wav,iiihhcjdgbbihcjdgbbihdgbbihcjdg,0,0
train_241002,bird1_bkd_241002_103004.8.wav,iiiiiiiihcjcihdgbbihcjdgbb,0,0
train_241002,bird1_bkd_241002_103301.13.wav,iiiiiihiihhcjcbbihcjdgbbihcjcbbdgbbihcjdgbbihcjcihdgbbihcjdg,1,1
train_241002,bird1_bkd_241002_112705.44.wav,iiiiiiiiiijhhcjcbbihdgbbihcjdgbbihcjcbbd,1,1
train_241002,bird1_bkd_241002_123348.80.wav,iiiiiihhcjdgbbihcjdgbbihcjcdgbbihdgbbihcjdgb,0,0
train_241002,bird1_bkd_241002_102400.1.wav,iiiiiiiiihhhcjdgbbihcjdgbbihcjdgbbihcjdgbbihdg,0,0
train_241002,bird1_bkd_241002_121401.74.wav,ijiiiiiiiiihhcjcbbihcjdgbbihcjdgbbihcjdgbb,0,0
train_241002,bird1_bkd_241002_160020.126.wav,iiihhhicjdgbbihcjdgbbihcjdgb,0,0
train_241002,bird1_bkd_241002_103229.12.wav,iiiiiiiihhhcjdgbbihcjdgbbihcdgbbihcjdgbbihcjdbbd,1,1
train_241002,bird1_bkd_241002_150024.114.wav,iiihhcjdgbbihcjdgbbihcjdgbbihcjdgbb,0,0
train_241002,bird1_bkd_241002_102506.2.wav,iiiiiiiihhhhcjdgbbihcjdg,0,0
train_241002,bird1_bkd_241002_115339.62.wav,iiihhhcjcbbihcjdgbbihcjdgbbihcjcbbdgiihcjdgbb,1,1
train_241002,bird1_bkd_241002_115044.59.wav,iiiiihhcjcbbihdgbbihcjdgbbihcjdgbb,0,0
train_241002,bird1_bkd_241002_102949.7.wav,iiiiiiiiiihhcjdgbbihcjdgbbihcjdgbbihcjdgbbihcjdgbb,0,0
train_241002,bird1_bkd_241002_142422.108.wav,iiihhcjdgbbihcjdgbbihdgbbihcjdg,0,0
train_241002,bird1_bkd_241002_112549.42.wav,iiiiiiiiiiihhcjdiihhcjdgbbihcjdgbbihcjcbbdg,1,1
train_241002,bird1_bkd_241002_115433.63.wav,iiiiiiiiiihhhcjcbbihdgbbihcjdgbbihcjdgbbihcjdgbb,0,0
train_241002,bird1_bkd_241002_111143.31.wav,iiiiiiiiihhcjcbbihcjdgbbihcjdgbbihcjdg,0,0
train_241002,bird1_bkd_241002_114211.53.wav,iiiiiiiiihhcjcbbihdgbbihcjdgbbihcjdgbbihcjdgb,0,0
train_241002,bird1_bkd_241002_160618.128.wav,iiiiiiihhcjcbbihdgbbihcjdgbbihcjdgbbihcjdgi,0,0
train_241002,bird1_bkd_241002_110713.28.wav,iiiiiiihhcjdgbbihcjdgbbihcjcdgbb,0,0
train_241002,bird1_bkd_241002_133113.88.wav,iiiiiiiiihhcjcbbihdgbbihcjdgbbihcjdgi,0,0
train_241002,bird1_bkd_241002_103050.10.wav,iiiiiiiiihhcjdgbbihcjdgbbihcjdgbbihcjdgbb,0,0
train_241002,bird1_bkd_241002_102237.0.wav,iiiiiiiiihhhcjdgbbihcjdgbbihcjdgbbihcjdgbbihcjdgbb,0,0
train_241002,bird1_bkd_241002_113424.50.wav,iiiiiiihhcjcbbihcjdgbb,0,0
train_241002,bird1_bkd_241002_162516.134.wav,iiiiiiiiihhcjdgbbihcjdgbbihcjdgbbihcjdgbbihcjdgbb,0,0
train_241002,bird1_bkd_241002_110658.27.wav,iiiiiiiiiihhhcjcbbihcjdgbbihcjdgbbihcjdg,0,0
train_241002,bird1_bkd_241002_164043.139.wav,iiihhcjcbbihdgbbihcjdgbbihcjdgbb,0,0
train_241002,bird1_bkd_241002_112356.39.wav,iiiiiihiiihhcjdgbbihcjdgbbihcjdgbbihcjdgbb,0,0
train_241002,bird1_bkd_241002_133241.89.wav,iiiiiiiiihiihhcjdgbbihcjdgbbihcjdgbbihcjdg,0,0
train_241002,bird1_bkd_241002_110756.29.wav,iiiiihiihhhcjdgbbihcjdgbbihcjdgbbihcjdgbb,0,0
train_241002,bird1_bkd_241002_132656.85.wav,iiiiiiiiiiiiihhhcjcbbdgbbihcjdgbbihcjdgbbihcjdgbbihcjdgbbiiihcjdg,1,1
train_241002,bird1_bkd_241002_110602.26.wav,iiiiiiiiihhcdgbbihcjdgbbihcjdgbbihcjdgbb,0,0
train_241002,bird1_bkd_241002_172020.152.wav,iiiiiiiiiihhcjcbbihcjdgbbihcjdgbbihcjdgbbihcjcdgbb,0,0
train_241002,bird1_bkd_241002_151230.118.wav,ihiiiiiiiiihhhcjcbbihcjdgbbihcjcbbdgbb,1,1
train_241002,bird1_bkd_241002_114513.57.wav,iiihhhcjcbbihdgbbihcjdgbbihcjdgbbih,0,0
train_241002,bird1_bkd_241002_103547.19.wav,iiiiiiiihhcjdgbbihcjcbbdgbbihcjdgbbihcjdgbbihcjcbbdgbb,1,2
train_241002,bird1_bkd_241002_152458.123.wav,iiiihiiiiihhcjcbbihdgbbihcjdgbbiiihcjdgbb,0,0
train_241002,bird1_bkd_241002_112037.37.wav,iiiiiihiihhhhcjdgbbihcjdgbbihcjdgbbihcjdgbbiihcjdg,0,0
train_241002,bird1_bkd_241002_111757.33.wav,iiiiiiihiiihhcjdgbbihcjdgbbihcjdgbbihcjdg,0,0
train_241002,bird1_bkd_241002_111609.32.wav,iiiiiiiiiihiiiiiihhhcjdgbbihcjdgbbihcjdgbb,0,0
train_241002,bird1_bkd_241002_110245.22.wav,iiiiiiiiiiiihhhcjdgbbihcjdgbbihcjdgbbihcjdgbbihcjcihdg,0,0
train_241002,bird1_bkd_241002_160041.127.wav,iiiiiiihjcjcbbihcjdgbbihcjdgbbihcjcidgbbihdgi,0,0
train_241002,bird1_bkd_241002_120104.67.wav,iiihhcjcbbihdgbbihcjdgbbihcjdgbbihcjdgbbihcjdg,0,0
train_241002,bird1_bkd_241002_161725.130.wav,iciiiiiiiiiiihhcjcbbihcjdgbbihcjdgbbihcjdg,0,0
train_241002,bird1_bkd_241002_115912.66.wav,iiiiiiihiihhcjcbbihdgbbihcjdgbbihcjdgbb,0,0
train_241002,bird1_bkd_241002_134249.94.wav,iiiiiiiiihhhhcjdgbbihcjdgbbihcjdgbbihcjdgbbihdgi,0,0
train_241002,bird1_bkd_241002_133528.91.wav,iiiiiiiiiiihiihhcjdgbbihcjdgbbihcjdgbbihcjdgbbihcjihcjcihdg,0,0
train_241002,bird1_bkd_241002_151423.120.wav,iiiiiiiiihhhcjcbbihdgbbihcjdgbbihcjdgbb,0,0
train_241002,bird1_bkd_241002_111122.30.wav,ihiiiiiiiihhhhcjdgbbihcjdgb,0,0
train_241002,bird1_bkd_241002_162037.133.wav,iiiiiiiiiihhcjcbbihdgbbihcjdgbbihcjdgbbihcjd,0,0
train_241002,bird1_bkd_241002_121432.75.wav,iiiiiiiiiihhhhcjdgbb,0,0
train_241002,bird1_bkd_241002_134442.96.wav,iiiiiiiiiiihhhcjdgbbihcjdgbbihcjdgb,0,0
train_241002,bird1_bkd_241002_140203.103.wav,iiiiiiihhhcjdgbbihcjdgbbihcjdgbbihdgbbihcjdgbbiiidgi,0,0
train_241002,bird1_bkd_241002_115120.60.wav,iiiiiiihhhcjcbbihcjdgbbihcjdgbb,0,0
train_241002,bird1_bkd_241002_115626.65.wav,iiiiiiiiiiihhhcjbdgbbihcjdgbbihcjdgbbihiihcjcihdgbb,0,0
train_241002,bird1_bkd_241002_103509.18.wav,iiiiiiiihhcjdgbbihcjdgbbihcjdgbbihcjcbbdg,1,1
train_241002,bird1_bkd_241002_135547.101.wav,iiihhcjcbbihcjdgbbihcjdgbbihcjdgbihcjdgbbihcjdg,0,0
train_241002,bird1_bkd_241002_103016.9.wav,iiiiiiiihhcjdgbbihcjcbbd,1,1
train_241002,bird1_bkd_241002_111946.36.wav,jiihhhcjcbbihdgbbihcjdgbbihcjdgbbihdgbbihcjdg,0,0
train_241002,bird1_bkd_241002_143427.109.wav,iiiiiiiiihhcjdgbbihcjdgbbihcjdgbbihcjdg,0,0
train_241002,bird1_bkd_241002_150328.115.wav,ihiihiihhcjdgbbihcjdgbbihcjdgbbihcjdgbbiiihcjdgbbihcjdg,0,0
train_241002,bird1_bkd_241002_134359.95.wav,iiiiiiiiiihhhcjcbbihdgbbihcjdgbbihcjdgbb,0,0
train_241002,bird1_bkd_241002_120819.71.wav,iiiiihhhcjdgbbihcjdgbbihdgbbihcjdgbb,0,0
train_241002,bird1_bkd_241002_133433.90.wav,iiiiiiiiiiiiiihhcjdgbbihcjdgbbihcjdgbbihcjcihdg,0,0
train_241002,bird1_bkd_241002_152814.124.wav,iiihhcjdgbbihcjdgbbihcjdgbbihcjdgihcjdg,0,0
train_241002,bird1_bkd_241002_112439.40.wav,iiiiiiiiihhcjdgbbihcjdgbbihcjdgbb,0,0
train_241002,bird1_bkd_241002_134054.92.wav,iiiiiiiiihiihhhhhcjdgbbihcjdgbbihcjdgbbiiihcjdgbbihcjdg,0,0
train_241002,bird1_bkd_241002_113508.52.wav,iiiiiiiihhcjdgbbihcjdgbbihcjdg,0,0
train_241002,bird1_bkd_241002_115554.64.wav,iiiiiiiiiiihhhcjdgbbihcjdgbbihcjdgbbihcjcbbdgbb,0,0
train_241002,bird1_bkd_241002_141628.106.wav,iiihhcjcbbihcjdgbbihcjdgbbihcjdgbbihcjdg,0,0
train_241002,bird1_bkd_241002_113338.48.wav,iiiiiiiiihhhcjcbbihcjdgbbihcjdgbbihcjdgbbihcjdgbb,0,0
train_241002,bird1_bkd_241002_123258.79.wav,iiihhhcjdgbbihcjdgbbihcjdgbbihdgbb,0,0
train_241002,bird1_bkd_241002_112834.46.wav,iiiiiiiihhhcjdgbbihcjdgbbihcjdgbbihcjdgbb,0,0
train_241002,bird1_bkd_241002_122657.77.wav,iiihihhcjdgbbihcjdgbbihdgbbihcjdgbbihcjdgbb,0,0
train_241002,bird1_bkd_241002_120717.70.wav,iiiiihhhcjdgbbihcjdgbbihcjcbbdgbbihcjdgbb,1,1
train_241002,bird1_bkd_241002_123851.82.wav,iiiiiihhcjcbbihdgbbihcjdgbbihcjdgbb,0,0
train_241003,bird1_bkd_241003_131901.55.wav,iiiihiihhhcjcbbihdgbb,0,0
train_241003,bird1_bkd_241003_133000.61.wav,iiiiiiiiihhhcjcbbihdgbbihcjdgbbihcjcdg,0,0
train_241003,bird1_bkd_241003_164111.96.wav,iiiiiiiihhcjcbbd,1,1
train_241003,bird1_bkd_241003_113639.23.wav,iiiihhhhhhcjdgbbihcjdgbbihcjdgb,0,0
train_241003,bird1_bkd_241003_114927.24.wav,iiiiiiiihhhcjcbbihdgbbihcjdgbbihcjdgb,0,0
train_241003,bird1_bkd_241003_111725.21.wav,iiiiiiiiiihiihhhcjdgbbihcjdgbbihcdgbbihdgbb,0,0
train_241003,bird1_bkd_241003_161842.95.wav,iiiiiiiiiihhhcjcbbihdgbbihcjdgbbihcjdgbbihcjdgbb,0,0
train_241003,bird1_bkd_241003_153639.83.wav,iiihhhcjcbbihdgbbihcjdgbb,0,0
train_241003,bird1_bkd_241003_125922.51.wav,iiihhcjcbbihdgbbihcjdgbb,0,0
train_241003,bird1_bkd_241003_160119.91.wav,iiiiiiihiiihhcjcbbihdgbbihcjdgbbihcjdgbb,0,0
train_241003,bird1_bkd_241003_103405.11.wav,hhhcjcbbihdgbbihcjdgbbihcjdgbbihcjdgbb,0,0
train_241003,bird1_bkd_241003_101142.2.wav,iiiiiiiiiihhcjcbbihdgbbihcjdgbbihcjdg,0,0
train_241003,bird1_bkd_241003_115950.29.wav,iiihhhcjcbbihcjdgbbihcjdgbbihcjdgbbihcjdg,0,0
train_241003,bird1_bkd_241003_125954.52.wav,iiiiiihhcjcbbihdgbbihcjdgbbihcjdgbbihcjdgbbihdgbbihcjdg,0,0
train_241003,bird1_bkd_241003_121650.37.wav,iiiiiiihiihhhcjcbbihdgbbihcjdgbbihcjdgbbihcjdg,0,0
train_241003,bird1_bkd_241003_114946.25.wav,iiiiiiiihhhcjcbbihdgbbihcjdgbb,0,0
train_241003,bird1_bkd_241003_131912.56.wav,iiiiiiihhhcjcbbihcjdgbbihcjcdgbb,0,0
train_241003,bird1_bkd_241003_133155.65.wav,iiiiiiiiihhhcjcbbihdgbbihcjdgbbihcjcdgbbihcjdgbbihcjdg,0,0
train_241003,bird1_bkd_241003_151100.78.wav,iiiihhcjcbbihdgbbihcjdgbbiiihcjcdgbbihcj,0,0
train_241003,bird1_bkd_241003_125847.50.wav,iiiiihhhcjcbbihdgbbihcjdgbbihcjdgbbiiiihcjdgbbihdgbbihcjdg,0,0
train_241003,bird1_bkd_241003_142707.72.wav,iiiiiiiiiiiihhcjcbbihdgbbihcjdgbb,0,0
train_241003,bird1_bkd_241003_111425.18.wav,iiiiiihiiihhcjcbbihdgbbihcjdgbbihcjdgbbihcjdg,0,0
train_241003,bird1_bkd_241003_102315.6.wav,iiihhcjcbbihcjdgbbihcjdgbbihcjdgbbihcjcd,0,0
train_241003,bird1_bkd_241003_125817.48.wav,iiiiiihhhcjcbbihdgbbihcjdgbbihcjcbbdg,1,1
train_241003,bird1_bkd_241003_101243.3.wav,iiciiiiiiiiiihhcjcbbihcjdgbbihcjdgbbihcjcdg,0,0
train_241003,bird1_bkd_241003_133042.63.wav,iiiiiiiiiihhcjcihdgbbihcjdgbbihcjdgbbihcjdgbbihcjdg,0,0
train_241003,bird1_bkd_241003_111154.15.wav,iiiiiiiiiihhcjcbbihcjdgbbihcjdgbbihdgbbihcjdg,0,0
train_241003,bird1_bkd_241003_102033.4.wav,iiiiiiiihhhcjcbbihcjdgbbihcjdgb,0,0
train_241003,bird1_bkd_241003_134826.68.wav,iiiiiiiiiihhhcjcbbihdgbbihcjdgbbihcjdgbb,0,0
train_241003,bird1_bkd_241003_133240.66.wav,iiiiiiiiiihhhcjcbbihcjdgbbihcjdgbbihcjdgbb,0,0
train_241003,bird1_bkd_241003_120036.31.wav,iiihhcjdgbbihdgbbihdgbb,0,0
train_241003,bird1_bkd_241003_122224.42.wav,iiiiciihhhcjcbbihdgbbihcjdgbbihdgbbiihcjdgiihiiihiihcjcdgbb,0,0
train_241003,bird1_bkd_241003_121807.40.wav,iiiiihiiiiihhcjcbbihdgbbihcjdgbbihcjdgbbihcjdgbb,0,0
train_241003,bird1_bkd_241003_153703.84.wav,iiiiihhcjcbbihdgbbihcjdgbb,0,0
train_241003,bird1_bkd_241003_103317.10.wav,iiiiiihiihhhcjcbbihdgbbihcjdgbbihcjdgbb,0,0
train_241003,bird1_bkd_241003_141726.71.wav,iiihhhcjcbbihdgbbihcjdgbbihcjdgbb,0,0
train_241003,bird1_bkd_241003_102456.8.wav,iiihhhhcjcbbihcjdgbbihcjdgbbihdgbbihcjdgiihcjdg,0,0
train_241003,bird1_bkd_241003_101040.1.wav,iiihhcjcbbihcjdgbbiiiihhcjcbbdgbb,1,1
train_241003,bird1_bkd_241003_132944.60.wav,iiiiiiiiiihhhcjcbbihdgbbihcjdgbbihcjdgbbihdg,0,0
train_241003,bird1_bkd_241003_121729.39.wav,iiiihhcjcbbihdgbbihcjdgbbihcjdgbbihcjcdgbb,0,0
train_241003,bird1_bkd_241003_120213.33.wav,ihjhcjcbbihdgbbihcjdgbb,0,0
train_241003,bird1_bkd_241003_131839.54.wav,iiiiiiiiiihhiihhcjcbbihcjdgbb,0,0
train_241003,bird1_bkd_241003_153736.85.wav,iiiiiihhcjcbbihcjdgbbihcjdgbb,0,0
train_241003,bird1_bkd_241003_121717.38.wav,iiiiiiiiiihhcjcb,0,0
train_241003,bird1_bkd_241003_143040.74.wav,iiiiiihiihhcjcbbihdgbbihcjdgbbihcjdg,0,0
train_241003,bird1_bkd_241003_161145.94.wav,iiiiiiiiiiihhhcjcbbihdgbbihcjdgbbihcjdgbb,0,0
train_241003,bird1_bkd_241003_120419.35.wav,iiiiiiiiihiihhcjcbbihdgbbihcjdgbbihcjdgbbihcjdgbb,0,0
train_241003,bird1_bkd_241003_131937.57.wav,iiiiiiihhhcjcbbihdgbbihcjdg,0,0
train_241003,bird1_bkd_241003_154129.86.wav,iiiiiiiiihhhcjcbbihdgbbih,0,0
train_241003,bird1_bkd_241003_102349.7.wav,iiiiiiihhcjcbbihcjdgbbihcjdgbbihcjdgbbihdg,0,0
train_241003,bird1_bkd_241003_100834.0.wav,iiiiiiiiiihhhcjcbbihdgbbihcjdgbbiiihcjdgbbihcjdgb,0,0
train_241003,bird1_bkd_241003_111222.16.wav,iiiiiiihhcjcbbihdgbbihcjdgbbihcjdgbbihcjdg,0,0
train_241003,bird1_bkd_241003_155955.89.wav,iiiiiiiihhhhcjcbbihdgbbihcjdgbbihcjdgbb,1,1
train_241003,bird1_bkd_241003_103217.9.wav,iiiiihiihhcjcbbihdgbbihcjdgbb,0,0
train_241003,bird1_bkd_241003_133104.64.wav,iiiiiiiiiihhhcjcbbihdgbbihcjdgbbihcjcdgbb,0,0
train_241003,bird1_bkd_241003_141633.70.wav,iiiiiiiihhhhcjcbbihdgbbihcjdgbbihcjdgbbihdgbb,0,0
train_241003,bird1_bkd_241003_111131.14.wav,iiiiiiiiiihhcjdgbbihcjdgbbihcjdgbb,0,0
train_241003,bird1_bkd_241003_121900.41.wav,iiiiiihiihhcjcbbihdgbbihcjdgb,0,0
train_241003,bird1_bkd_241003_111323.17.wav,iiiiiihiihhcjcbbihdgbbihcjdgbbihcjdgihhcjdgbbihdgbbiiihhcjdg,0,0
train_241003,bird1_bkd_241003_132011.58.wav,iiiiiiiiihhcjcbbihdgbbihcjdgbbihcjcdgbb,0,0
train_241003,bird1_bkd_241003_130049.53.wav,iiiiiiiiihhcjcbbihdgbbihcjdgbbihcjcdgbbihcjdg,0,0
train_241003,bird1_bkd_241003_111517.20.wav,iiiiiiiihhcjcbbihdgbbihcjdgbbihcjdg,0,0
train_241003,bird1_bkd_241003_134914.69.wav,iiiiiiiiiiihhcjcbbihdgbbihcjdgbbihcjdgbbiiihcjdgbbihdgb,0,0
train_241003,bird1_bkd_241003_120358.34.wav,iiihhhcjcbbihdgbbihcjdgbbihcjdg,0,0
train_241003,bird1_bkd_241003_111807.22.wav,iiiiiiiiihhiihhhcjdgbbi,0,0
train_241003,bird1_bkd_241003_143021.73.wav,iiiiiiiihhcjcbbihdgbbihcjdgbb,0,0
train_241003,bird1_bkd_241003_120021.30.wav,iiiiiihhcjcbbihdgbbihcjdgbbihcjcdgbb,0,0
train_241003,bird1_bkd_241003_122331.43.wav,ihhcjcbbihdgbbihcjdgbbihcjdg,0,0
train_241004,bird1_bkd_241004_100340.0.wav,iiiiiiiiihiihhcjcbbihdgbbihcjdgbbihcjdgbb,0,0
train_241004,bird1_bkd_241004_102810.15.wav,iiiiihiihhcjcbbihcjdgbbihcjcbbdgbbihcjdgbb,1,1
train_241003,bird1_bkd_241003_120122.32.wav,iiiiiiihhhcjcbbihdgbbihcjdgbbihcjdgbb,0,0
train_241004,bird1_bkd_241004_144322.60.wav,iiiiiiiiiihiihhcjcbbihdgbbihcjdgbbihcjdgbbihd,0,0
train_241004,bird1_bkd_241004_112424.34.wav,iiiiiiiiiiiihhhcjcbbiiihhcjcbbdgbbihcjdgbbihdgbb,1,1
train_241004,bird1_bkd_241004_114644.38.wav,iiiiiiiiihhhcjcbbihdgbbihcjdgbbihcjcihdgbbihcjdgbbihcjdgbb,0,0
train_241004,bird1_bkd_241004_112959.36.wav,iiiiiiiiiihhcjcbbihdgbbihcjdgbbiiihhcjdgbbihcjdgbb,0,0
train_241004,bird1_bkd_241004_100507.2.wav,iiiiiiiiihhcjcbbdgbbihdgbb,1,1
train_241004,bird1_bkd_241004_120926.43.wav,iiiiiiiiiiihhcjcbbihdgbbihcjdgbbihcjdgbbihdgbb,0,0
train_241004,bird1_bkd_241004_164513.65.wav,iiiiiiiiiihiihhcjcbbihdgbbihcjdgbbihcjdgbbihcjdg,0,0
train_241004,bird1_bkd_241004_153421.63.wav,iiiiiiiiiiiiiihhcjcbbihdgbbihcjdgbbihcjdgbbd,1,1
train_241004,bird1_bkd_241004_102902.17.wav,iiiiiiiiiihhhcjcbbihdgbbihcjdgbbihcjcbbdgbb,1,1
train_241004,bird1_bkd_241004_110325.29.wav,iiihiiiiihiihhhcjcbbihdgbbihcjdgbbihdgbbihcjcdgbb,0,0
train_241004,bird1_bkd_241004_102439.9.wav,iiiiiiiiihiihhhcjcbbihdgbbihcjdgbbih,0,0
train_241004,bird1_bkd_241004_102507.10.wav,iiiiiiiiihhhcjcbbihdgbbihcjdgbbihiihcjdgbbihcjcidg,0,0
train_241004,bird1_bkd_241004_112822.35.wav,iiiiiiiiiihhcjcbbihdgbbihcjdgbbihcjdgbbihcjdg,0,0
train_241004,bird1_bkd_241004_121028.44.wav,iiiiiiiiiiiiiihhhcjcbbihdgbbihcjdgbbihcjdgbb,0,0
train_241004,bird1_bkd_241004_103544.19.wav,iiiiiiihiihhjcjcbbihdgbbihcjdgbb,0,0
train_241004,bird1_bkd_241004_102402.7.wav,iiiiiiihcjcbbdgbbihdgbb,1,1
train_241004,bird1_bkd_241004_110720.31.wav,iiihhcjcbbihcjcbbdgbbihcjdgbbihcjcdg,1,1
train_241004,bird1_bkd_241004_164732.67.wav,iiiiiiiihiihhhcjcbbihdgbbihcjdgbbihcjdgbbihcjcihdgbbihcjdg,0,0
train_241004,bird1_bkd_241004_101941.3.wav,iiiiiiiiiihhicjcbbdgbbihcjdgbb,1,1
train_241004,bird1_bkd_241004_120011.41.wav,iiiihhcjcbbihdgbbihcjdgbbihdgbbihcjdgbbihcjcihdg,0,0
train_241004,bird1_bkd_241004_102734.14.wav,iiiiihiihhcjcbbihdgbbihcjcbbdgbbihcjdgbbihcjcdgb,1,1
train_241004,bird1_bkd_241004_165525.68.wav,iiihhcjcbbihdgbbihcjdgbb,0,0
train_241004,bird1_bkd_241004_105706.25.wav,iiiiihhcjcbbihdgbbihcjdgbbihcjcdgbb,0,0
train_241004,bird1_bkd_241004_113046.37.wav,iiiiiiiiihiihhhcjcbbihdgbbihcjdgbbihcjcdgbbi,0,0
train_241004,bird1_bkd_241004_121712.49.wav,iiiiiihiihhhcdgbbihcjdgbbihcjdgbbihcjdgbbihcjdgiiihcjdg,0,0
train_241004,bird1_bkd_241004_102212.5.wav,iiihiihhcjcbbihdgbbihcjdgbb,0,0
train_241004,bird1_bkd_241004_122025.57.wav,iiiiiiihhhcjcbbihdgbbihcjdgbbihcjcihdgbb,0,0
train_241004,bird1_bkd_241004_105446.22.wav,iiiiiiiiiihhhcjcbbihdgbbihcjdgbbihcjdgbbihcjdgbbihcjdg,0,0
train_241004,bird1_bkd_241004_105727.26.wav,iiiiiiiiiiihhcjcbbihdgbbihcjdgbbihcjdg,0,0
train_241004,bird1_bkd_241004_153724.64.wav,iiihhhcjcbbihdgbbihcjdgbbihcjcihdgbbiiihcjdg,0,0
train_241004,bird1_bkd_241004_164634.66.wav,iiiiiiiiiiihhcjcbbihdgbbihcjdgbbihcjdgbbihdg,0,0
train_241004,bird1_bkd_241004_102357.6.wav,iiihhcjcbbihdgbb,0,0
train_241004,bird1_bkd_241004_140209.59.wav,ihhcjcbbihdgbbihcjdgbb,0,0
train_241004,bird1_bkd_241004_121905.55.wav,iiiiiiiiiiiihhhcjcbbihdgbbihcjdgbbihcjdgbbihcjdgbbihcjcdgiiiiiihhcjdg,0,0
train_241004,bird1_bkd_241004_102633.12.wav,iiiiiihiihhhcjcbbihcjdgbbihcjcbbdgbbihcjcbbdgbb,1,2
train_241004,bird1_bkd_241004_100440.1.wav,iiiiiiiiihhhcjcbbihdgbbihcjdgbbihcjcihdg,0,0
train_241004,bird1_bkd_241004_121128.46.wav,iiiiiihiihhcjcihdgbbihcjdgbbihcjdgihcjdgiiiiiihcjcdgbbihdg,0,0
train_241004,bird1_bkd_241004_125801.58.wav,iiiiiiihiihiihhcjdgbbihcjdgbbihdgbbihcjdgihcjcihdg,0,0
train_241004,bird1_bkd_241004_121942.56.wav,iiihhhcjdgbbihcjdgbbihcjdgbbihcjcih,0,0
train_241004,bird1_bkd_241004_121246.48.wav,iiiiiiiiiihhcjcbbihdgbbihcjdgbbihcjdgbbihcjcdg,0,0
train_241004,bird1_bkd_241004_105601.24.wav,iiiiiiiiiicihhhcjcbbihdgbbihcjdgbbihcjdgbbihcjdg,0,0
train_241004,bird1_bkd_241004_120736.42.wav,iiiiiiiihhhhcjcbbihdgbbihcjdgbbihcjdgbbihcjdg,0,0
train_241004,bird1_bkd_241004_144438.61.wav,ciiiiiiiiiihhcjcbbihcjdgbbihcjdgbb,0,0
train_241004,bird1_bkd_241004_121106.45.wav,iiiihhcjcbbihdgbbihcjdgbbihcjdgbb,0,0
train_241005,bird1_bkd_241005_163357.73.wav,iiiiiiiihhhhcjcbbdgbbihcjdgbbihcjdgihcjdgbb,1,1
train_241005,bird1_bkd_241005_113912.27.wav,iiiiiiiiihhhcjcbbihcjdgbbihcjdgbb,0,0
train_241005,bird1_bkd_241005_115939.33.wav,iiiiiiiiiiihiihhhcjcgbihdgbbihcjdgbbihcjdgbbihcjdgbb,0,0
train_241005,bird1_bkd_241005_123037.35.wav,iiihhhcjcbbdgbbihcjdgbbihdgbbiiihhcjcihdgbbihcjdg,1,1
train_241005,bird1_bkd_241005_111052.19.wav,iiiiiiiihhhhcjcbbihdgbbihcjdgbbihcjdgbb,0,0
train_241005,bird1_bkd_241005_115619.30.wav,iiiiiihhcjcbbihdg,0,0
train_241005,bird1_bkd_241005_151654.61.wav,iiiiihiiiihhhcjcbbihcjdgbbihcjdgbbihcjdg,0,0
train_241005,bird1_bkd_241005_110039.13.wav,iiihhhdgbbihcjdgbbdgihcjcihdgbbihcjdg,1,1
train_241005,bird1_bkd_241005_124218.45.wav,iiiiihhhcjcbbihdgbbihcjdgbbihcjcbbdgbb,1,1
train_241005,bird1_bkd_241005_163927.76.wav,iiiiiiihhhhcjcbbdgbbihcjdgbbihcjdgbbihcjcdgbbihcjdgbb,0,0
train_241005,bird1_bkd_241005_122646.34.wav,iiiiihiiihhhcjcbbihdgbbihcjdgbbhhcjdg,0,0
train_241005,bird1_bkd_241005_131033.49.wav,iiiiiiiiiiiihhhcjcbbdgbbihcjdgbbihcjdgbb,1,1
train_241005,bird1_bkd_241005_131424.52.wav,iiiiiiiihiihiiihhcjcbbdgbbihcjdg,1,1
train_241005,bird1_bkd_241005_103313.4.wav,iiiiiiiiihhhcjcbbihdgbbihcjdgbbihcjcbbdgiiihhcjdgbbih,1,1
train_241005,bird1_bkd_241005_152328.64.wav,iiiihhhcjcbbdgbbihcjdgbbihcjdgbbihcjdg,0,0
train_241005,bird1_bkd_241005_113430.24.wav,iiiiiiiiiiiihhcjcbbihdgbbihcjdgbbihcjdg,0,0
train_241005,bird1_bkd_241005_152914.71.wav,iiiiiihhhhcjcbbdgbbihcjdgbbihcjdgbb,1,1
train_241005,bird1_bkd_241005_152805.69.wav,iiiiiiiiiihhhhcjcbbihdgbbihcjcbbdg,1,1
train_241005,bird1_bkd_241005_152618.67.wav,ihiihhhcjcbbdgbbihcjdgbbihcjdg,1,1
train_241005,bird1_bkd_241005_124516.47.wav,iiihhhcjcbbihdgbbihcjdgbbihcjcbbdgiiihhcjdgbbihdgbb,1,1
train_241005,bird1_bkd_241005_113803.26.wav,iiiiiiiiiiiiiiiihhhcjcbbdgbbihcjdgbbihcjdg,1,1
train_241005,bird1_bkd_241005_141320.58.wav,iiihhhcjcbbihdgbbihcjdgbbihhcjdgbbi,0,0
train_241005,bird1_bkd_241005_131556.53.wav,iiiiihiiiiihhhcjdgbbihcjdgbbihcjdgb,0,0
train_241005,bird1_bkd_241005_104133.9.wav,iiiiiiiiiihhhcjcbbihdgbbihcjdgbbihcjdgbbihcjdgiiihcjcihdgbb,0,0
train_241005,bird1_bkd_241005_123915.44.wav,iiiiiiiiiiiihhhcjcbbihdgbbihcjdgbbihcjdgbbihdgbb,0,0
train_241005,bird1_bkd_241005_152728.68.wav,iiiiiiihhhhcjcbbihdgbbihcjdgbbihcjdgbb,0,0
train_241005,bird1_bkd_241005_130549.48.wav,iiihiiihhhcjcbbdgbbihcjdgbbiiihhcjcihdgbbihcjdg,1,1
train_241005,bird1_bkd_241005_110442.16.wav,iiiiiiihiihhcjcbbihdgbbihcjdgbbihcjdgbbihcjdgbb,0,0
train_241005,bird1_bkd_241005_100820.0.wav,iiihhhhcjcbbdgbbihcjdgbbihcjdgbbihcjdgbb,0,0
train_241005,bird1_bkd_241005_133007.55.wav,iiiiiiiiiiiiiihhhcjcbbdgbbihcjdgbbihcjdgbbihcjdg,1,1
train_241005,bird1_bkd_241005_145051.60.wav,iiihhcjcbbihdgbbihcjdgbbihhcjdgbbihcjdgi,0,0
train_241005,bird1_bkd_241005_135718.57.wav,iiihhhcjcbbihdgbbihcjdgbbjhhcjdg,0,0
train_241005,bird1_bkd_241005_163207.72.wav,iiiiiiiihhhhcjcbbdg,1,1
train_241005,bird1_bkd_241005_123656.42.wav,iiiiiiiihhhcjcbbdgbbihcjdgbbihcjdgbbihcjdg,1,1
train_241005,bird1_bkd_241005_110535.17.wav,iiiiiiiiiihhhcjcbbihdgbbihcjdgbbihcjdgbbihcjcdg,0,0
train_241005,bird1_bkd_241005_110900.18.wav,iiiiihhhcjcbbihdgbbihcjdgbbiiiiihcjcihdgb,0,0
train_241005,bird1_bkd_241005_102906.2.wav,iiiiiiiihhhcjcbbihdgbbihcjdgbbihcjcihdgbbihcjdgbb,0,0
train_241005,bird1_bkd_241005_113229.22.wav,iiiiiiiiihhhcjcbbihdgbb,0,0
train_241005,bird1_bkd_241005_103440.5.wav,iiiiiihiiiiihhcjcbbihdgbbihcjdgbbih,0,0
train_241005,bird1_bkd_241005_113314.23.wav,iiiiiiiiihhhcjcbbihcjdgbbihcjdgbb,0,0
train_241005,bird1_bkd_241005_103512.6.wav,iiiiiiiihiihhhcjcbbihdgbbihcjdgbbihcjcihdgihcjc,0,0
train_241005,bird1_bkd_241005_152528.66.wav,iiihhhcjcbbihdgbbihcjdgbbihcjdgbbhhcjcdg,0,0
train_241005,bird1_bkd_241005_103032.3.wav,iiiiiiiiihhhcjcbbihdgbb,0,0
train_241005,bird1_bkd_241005_123235.37.wav,iiiiiiiiiihhcjcbbihdgbbihcjdgbbihcjcihdgbb,0,0
train_241005,bird1_bkd_241005_131638.54.wav,iiiiihhcjcbbihdgbbihcjdgbbihcjdgbbihcjdgihcjcihdg,0,0
train_241005,bird1_bkd_241005_113948.28.wav,iiiiihiihhhcjcbbdgbbihcjdgbbihcjdgbbihcjcihdgihhcjcihdgbbihcjdi,1,1
train_241005,bird1_bkd_241005_123200.36.wav,iiiiiiiiiiihhhcjcbbihdgbbihcjdgbbihcjdg,0,0
train_241005,bird1_bkd_241005_111447.21.wav,iiiihhhcjcbbihdgbbihcjdgbbihcjdgbbihcjdg,0,0
train_241005,bird1_bkd_241005_104530.10.wav,iiiiiiiiihhhcjcbbihdgbbihcjdgbbihcjdgbbd,1,1
train_241005,bird1_bkd_241005_163529.74.wav,iiiiiiiiiiiihhhcjcbbihdgbbihcjdgbbihcjdgbbihcjcdghhcjdg,0,0
train_241005,bird1_bkd_241005_123830.43.wav,iiiiiiiihhcjdgbbihdgbbihcjdgbbiiihhcjcdgbbihcjdg,0,0
train_241005,bird1_bkd_241005_124349.46.wav,iiiiiiiiiihhhhhcjcbbdgbbihcjdgbbihcjdgbbihcjdgiiiihcjcihdgbbihcjdg,1,1
train_241005,bird1_bkd_241005_144834.59.wav,hhhhcjcbbdgbbihcjdgbb,1,1
train_241005,bird1_bkd_241005_151715.62.wav,iiiiiiiihhhcjcbbdgbbihcjdg,1,1
train_241005,bird1_bkd_241005_104658.12.wav,iiihhcjcbbihdgbbihcjdgbbiiihhcjd,0,0
train_241005,bird1_bkd_241005_123518.41.wav,iiiiiihhhhcjcbbihdgbbihcjdgbbihcjcbbdgbbihcjcdg,1,1
train_241005,bird1_bkd_241005_113518.25.wav,iiiiiiiiiihhhcjcbbihdgbbihcjdgbb,0,0
train_241005,bird1_bkd_241005_110306.15.wav,iiiiiihhhcjcbbdgbbihcjdgbbihcjdgbb,1,1
train_241005,bird1_bkd_241005_115658.32.wav,iiiiiiiihhhcjdgbbihcjcbbdgbb,1,1
train_241005,bird1_bkd_241005_102835.1.wav,iiiiihiihhhcjcbbihdg,0,0
train_241005,bird1_bkd_241005_164020.77.wav,iiiiiiiiiihhcjcbbdgbbhdg,1,1
train_241005,bird1_bkd_241005_115639.31.wav,iiiiiiiiiihhhcjcbbihdgbbihcjdgbbih,0,0
train_241005,bird1_bkd_241005_152254.63.wav,iiiihhhhcjcbbihdgbbihcjdgbbihcjdgbb,0,0
train_241005,bird1_bkd_241005_133138.56.wav,iiiiiiiiiiihhhhcjcbbdgbbihcjdgbb,0,0
train_241005,bird1_bkd_241005_152420.65.wav,iiiiiiiiiiihhhcjcbbihcjdgbbihcjdgbbihcjcdg,0,0
train_241006,bird1_bkd_241006_100552.3.wav,iiiiiiiiiiihhhcjcbbihdiiiihcjcbbdg,1,1
train_241005,bird1_bkd_241005_131154.50.wav,iiiiiiiihhhhcjcbbdiiihhcjdgbbihcjdgbbihcjdgiiihhcjcdg,1,1
train_241005,bird1_bkd_241005_163635.75.wav,iiiiiiiihiihhcjcbbdg,1,1
train_241005,bird1_bkd_241005_123339.39.wav,iiiiiiiihiiiiihhcjcbbdgbbihcjdgbbihcjdgbb,1,1
train_241006,bird1_bkd_241006_165946.58.wav,iiihhcjcbbdgbbihcjdgbbihcjdg,0,0
train_241006,bird1_bkd_241006_100037.0.wav,iiiiiiiiiiihhhcjdgbbihcjdgbbihcjdgbbihcjdgiiihhcjdgbbihcjcdgihcjdgbbihcj,0,0
train_241006,bird1_bkd_241006_111112.22.wav,hhcjcbbihdgbbihcjdgbbihcjdgbbihcjdgbb,0,0
train_241006,bird1_bkd_241006_104849.13.wav,iiiiiiiiiihhcjcbbdgbbiiihcjdgbbihcjdgbbihcjdgb,1,1
train_241006,bird1_bkd_241006_100818.7.wav,iiiiiiiiihhcjcbbihdgbbihcjdgbbihcjdgbbihcjdgbbihcjcdgbb,0,0
train_241006,bird1_bkd_241006_122046.28.wav,iiiiiiiiiihhcjcbbdgbbihcjdgbbihcjdgbbihcjdgbb,1,1
train_241006,bird1_bkd_241006_122624.30.wav,iiiiiiiiihhcjcbbdgbbihcjdgbbihcjdg,1,1
train_241006,bird1_bkd_241006_145415.52.wav,iiiihhcjdgbbihcjdgbbihcjdgbb,0,0
train_241006,bird1_bkd_241006_100656.5.wav,iiiiiiiiiihhhcjcbbdgbbihcjdgbbihcjdgbbihcjdgbbihcjdgiiidgbbihdgbb,1,1
train_241006,bird1_bkd_241006_104716.12.wav,iiiiiiiiiiihhhcjcbbdgbbihcjdgbb,0,0
train_241006,bird1_bkd_241006_110725.18.wav,iiiihhcjcbbdgbbihcjdgbb,1,1
train_241006,bird1_bkd_241006_165515.56.wav,iiiiiiiiiiiiihhcjcbbihcjdgbbihcjdgbb,0,0
train_241006,bird1_bkd_241006_140403.43.wav,iiiiihhhcjdgbbihcjdgbbihcjdgb,0,0
train_241006,bird1_bkd_241006_101133.10.wav,iiiiiiiiiiciiihhhhcjcbbiihichhcjiihhcjcbbd,1,1
train_241006,bird1_bkd_241006_144946.50.wav,iiiiiiiiiiiiihhcjcbbdgbbihcjdgbb,0,0
train_241006,bird1_bkd_241006_101021.9.wav,iiiiiihiihhhcjcbbdgbbihcjdgbbihcjdgbbihcjdgbbihcjdgbb,1,1
train_241006,bird1_bkd_241006_105031.15.wav,iiiiiiiiihhhcjcbbdgbbihcjdgbbihcjdgbb,1,1
train_241006,bird1_bkd_241006_112357.23.wav,ihhcjcbbdgbbihdgbbihcjdgbbihcjdg,1,1
train_241006,bird1_bkd_241006_165226.55.wav,iiiiiiiiiiihhhcjcbbdgbbihcjdgihcjdgiihcjdgbbihcjdgb,0,0
train_241006,bird1_bkd_241006_110924.20.wav,iiiiiiiiiihhcjcbbihdgbbihcjdgbbihcjdgbbihcjdg,0,0
train_241006,bird1_bkd_241006_112538.24.wav,iiihhcjdgbbihcjdgbbi,0,0
train_241006,bird1_bkd_241006_121622.26.wav,iiiiiiihhcjcbbdgbbihcjdgbbdgbbihcjdg,1,2
train_241006,bird1_bkd_241006_100948.8.wav,iiiiiiiihhhcjcbbihdgbbihcjdgbbiiiihcjdgbbihcjdgbbihcjcdg,0,0
train_241006,bird1_bkd_241006_100327.2.wav,iiihhhhcjdgbbihcjdgbbihcjcdgbiiihhcjdgbbihcjdgbb,0,0
train_241006,bird1_bkd_241006_165553.57.wav,iiiiiiiiiiiiihhcjcbbd,1,1
train_241006,bird1_bkd_241006_163830.53.wav,iiiihhhcjcbbdgbbihcjdgbbihcjdg,1,1
train_241006,bird1_bkd_241006_122952.34.wav,iiiiiiiiihhhcjcbbdgbbihcjdgbbihcjdgbbihhcjdg,1,1
train_241006,bird1_bkd_241006_144040.47.wav,iiiiiiiiiihhcjcbbd,1,1
train_241006,bird1_bkd_241006_122746.32.wav,iiiiiiihiihhhcjcbbdgbbihcjdg,1,1
train_241006,bird1_bkd_241006_123907.37.wav,iiiiiiiihhhhcjcbbdgbbihcjdgbbihcjdgbbihcjdg,1,1
train_241006,bird1_bkd_241006_121430.25.wav,iiiiiiiiiiihhcjcbbdg,1,1
train_241006,bird1_bkd_241006_111010.21.wav,iiiiiiiihhhcjcbidgbbihcjdgbbihcjdgbb,0,0
train_241006,bird1_bkd_241006_110839.19.wav,iiiiiiiiihhhcjcbbihdgbbdgbbihcjdgbbihcjdgbbihcjdg,1,1
train_241006,bird1_bkd_241006_123605.36.wav,iiciiiiiciihhhcjcbbdgbbihcjdgbbihcjdg,1,1
train_241006,bird1_bkd_241006_110105.17.wav,iiiiiiiiihhcjcbbdgbbihcjdgbbihdg,1,1
train_241006,bird1_bkd_241006_144354.49.wav,iiihhhcjcbbdgbbihdgbbihcjdg,1,1
train_241006,bird1_bkd_241006_105955.16.wav,iiihhhcjcbbdgbbihcjdgbbihcjdgbb,1,1
train_241006,bird1_bkd_241006_122559.29.wav,iiiiiiiiiihhcjcbbdgbbihcjdgiihhcjdgbbih,0,0
train_241006,bird1_bkd_241006_144209.48.wav,iiiiiiiiiihhcjcbbdgbbihd,1,1
train_241006,bird1_bkd_241006_143411.45.wav,iiiiiiiihhhhcjcbbdgbbihcjdgbbi,1,1
train_241006,bird1_bkd_241006_165031.54.wav,iiiihhhhcjcbbdgbbihcjdgbbihcjdgihhcjcihdgbb,1,1
train_241006,bird1_bkd_241006_140026.40.wav,iiihhhcjcbbdgbbihdgbbihcjdghhcjdihcjdgbbihcjihcjdg,1,1
train_241006,bird1_bkd_241006_134804.38.wav,iiihhcjcbbdgbbihcjdgbbihcjdgbbihdgbb,1,1
train_241006,bird1_bkd_241006_142616.44.wav,iiiiihhcjdgbbihcjdg,0,0
train_241006,bird1_bkd_241006_140151.42.wav,iiiiiiiiiihhcjcbbihcjdg,0,0
train_241007,bird1_bkd_241007_162137.45.wav,iiiiiiiiiihhcjcbbdi,1,1
train_241007,bird1_bkd_241007_134917.30.wav,ihiiiiiiiiiiihhhcjcbbd,1,1
train_241007,bird1_bkd_241007_115626.7.wav,iiiiiiiiiihhhhcjcbbdgbbihdgbbihcjdg,1,1
train_241007,bird1_bkd_241007_125325.21.wav,iiiiiiiiiiiihhhhcjcbbdg,1,1
train_241007,bird1_bkd_241007_124740.19.wav,iiiiihhhhcjcbbdg,1,1
train_241007,bird1_bkd_241007_124030.18.wav,iiiiiiiiiiiiiihhhcjcbbdgbb,1,1
train_241007,bird1_bkd_241007_144600.41.wav,iiiiiiiiiiihhhhcjcbbdgbbihcjdgbb,1,1
train_241007,bird1_bkd_241007_162357.46.wav,iiiiiiiiiiiiiiiihhhcjcbbdgbbihcjdgbbihcjdgb,1,1
train_241007,bird1_bkd_241007_143621.39.wav,iiiihhhcjcbbdgbbiihcjdgbbihcjdgb,0,0
train_241007,bird1_bkd_241007_122246.8.wav,iiihhhcjcbbdgbbihcjdgbb,1,1
train_241007,bird1_bkd_241007_155513.44.wav,iiiiiiihhhcjcbbd,1,1
train_241007,bird1_bkd_241007_122524.13.wav,iiihhhcjcbbihdgbbdgbbihcjdgihhcjcihdgbbiiiihhcjdgbb,1,1
train_241007,bird1_bkd_241007_143425.38.wav,iiiiiiiiiiiiiiihhhhcjcbbdgihcjdgbb,0,0
train_241007,bird1_bkd_241007_125956.23.wav,iiiiiiiiiiiiihhhcjcbbd,1,1
train_241007,bird1_bkd_241007_123914.16.wav,iiiiiiiiihhhhcjcbbdgbb,1,1
train_241007,bird1_bkd_241007_135556.35.wav,iiiiiiiiiihhhhhcjcbbdg,1,1
train_241007,bird1_bkd_241007_104509.3.wav,iiiiiiihhhhcjcbbdgbb,1,1
train_241007,bird1_bkd_241007_144128.40.wav,iiiiiiiiihhhcjcbbdi,1,1
train_241007,bird1_bkd_241007_135204.32.wav,iiiiiiiiiiihhhcjcbbd,1,1
train_241007,bird1_bkd_241007_134317.28.wav,iiiiiiiiiiiiiiiihhhcjcbbdgbb,0,0
train_241007,bird1_bkd_241007_144640.43.wav,iiiiiiiihiihhcjcbbdgbb,1,1
train_241007,bird1_bkd_241007_134201.27.wav,iiiiiiiiiiiiiiiiihhhcjcbbdg,1,1
train_241007,bird1_bkd_241007_122410.11.wav,hhhcjcbbdgiiihhcjdgbbihcjdg,1,1
train_241007,bird1_bkd_241007_132721.25.wav,iiiiiiiiihhhhcjcbbdgihcjdgbb,1,1
